ID,EventID,LocationID,Title,Description,StartDateTime,EndDateTime
1,1,1,morbi non lectus,"Praesent blandit. Nam nulla. Integer pede justo, lacinia eget, tincidunt eget, tempus vel, pede.",20291213 03:51 AM,20291214 03:51 AM
2,1,2,pede ac diam,Nullam porttitor lacus at turpis. Donec posuere metus vitae ipsum. Aliquam non mauris.,20270421 06:36 PM,20270422 06:36 PM
3,1,3,risus semper porta,Phasellus in felis. Donec semper sapien a libero. Nam dui.,20280717 04:34 AM,20280718 04:34 AM
4,1,4,velit vivamus vel nulla,"Maecenas tristique, est et tempus semper, est quam pharetra magna, ac consequat metus sapien ut nunc. Vestibulum ante ipsum primis in faucibus orci luctus et ultrices posuere cubilia Curae; Mauris viverra diam vitae quam. Suspendisse potenti.",20270208 04:29 PM,20270209 04:29 PM
5,1,5,vestibulum eget vulputate ut ultrices,In congue. Etiam justo. Etiam pretium iaculis justo.,20291111 09:51 AM,20291112 09:51 AM
6,1,6,ultrices enim lorem ipsum dolor,"Sed sagittis. Nam congue, risus semper porta volutpat, quam pede lobortis ligula, sit amet eleifend pede libero quis orci. Nullam molestie nibh in lectus.",20290715 04:02 PM,20290716 04:02 PM
7,1,7,nullam sit amet,Nullam porttitor lacus at turpis. Donec posuere metus vitae ipsum. Aliquam non mauris.,20260304 09:02 PM,20260305 09:02 PM
8,1,8,non sodales sed,"In hac habitasse platea dictumst. Morbi vestibulum, velit id pretium iaculis, diam erat fermentum justo, nec condimentum neque sapien placerat ante. Nulla justo.",20281206 06:11 AM,20281207 06:11 AM
9,1,9,at vulputate vitae,Phasellus in felis. Donec semper sapien a libero. Nam dui.,20290519 02:22 PM,20290520 02:22 PM
10,1,10,orci luctus et ultrices posuere,"Lorem ipsum dolor sit amet, consectetuer adipiscing elit. Proin risus. Praesent lectus.",20290625 03:19 AM,20290626 03:19 AM
11,2,11,quam fringilla rhoncus mauris enim,Duis consequat dui nec nisi volutpat eleifend. Donec ut dolor. Morbi vel lectus in quam fringilla rhoncus.,20290215 11:23 PM,20290216 11:23 PM
12,2,12,sagittis nam congue,"Maecenas leo odio, condimentum id, luctus nec, molestie sed, justo. Pellentesque viverra pede ac diam. Cras pellentesque volutpat dui.",20270624 10:12 PM,20270625 10:12 PM
13,2,13,risus dapibus augue vel,In quis justo. Maecenas rhoncus aliquam lacus. Morbi quis tortor id nulla ultrices aliquet.,20261125 01:04 AM,20261126 01:04 AM
14,2,14,ut blandit non interdum in,In congue. Etiam justo. Etiam pretium iaculis justo.,20250503 02:38 AM,20250504 02:38 AM
15,2,15,eget massa tempor convallis,"Aenean fermentum. Donec ut mauris eget massa tempor convallis. Nulla neque libero, convallis eget, eleifend luctus, ultricies eu, nibh.",20280424 01:16 AM,20280425 01:16 AM
16,2,16,maecenas tincidunt lacus,"Mauris enim leo, rhoncus sed, vestibulum sit amet, cursus id, turpis. Integer aliquet, massa id lobortis convallis, tortor risus dapibus augue, vel accumsan tellus nisi eu orci. Mauris lacinia sapien quis libero.",20260204 04:24 AM,20260205 04:24 AM
17,2,17,sollicitudin vitae consectetuer eget rutrum,Duis consequat dui nec nisi volutpat eleifend. Donec ut dolor. Morbi vel lectus in quam fringilla rhoncus.,20280603 03:51 PM,20280604 03:51 PM
18,2,18,tellus nulla ut,"Cum sociis natoque penatibus et magnis dis parturient montes, nascetur ridiculus mus. Vivamus vestibulum sagittis sapien. Cum sociis natoque penatibus et magnis dis parturient montes, nascetur ridiculus mus.",20281015 11:34 PM,20281016 11:34 PM
19,2,19,lorem vitae mattis nibh,"Curabitur gravida nisi at nibh. In hac habitasse platea dictumst. Aliquam augue quam, sollicitudin vitae, consectetuer eget, rutrum at, lorem.",20280125 07:38 PM,20280126 07:38 PM
20,2,20,egestas metus aenean fermentum donec,"Praesent blandit. Nam nulla. Integer pede justo, lacinia eget, tincidunt eget, tempus vel, pede.",20250921 11:39 AM,20250922 11:39 AM
21,3,21,orci nullam molestie nibh in,"Donec diam neque, vestibulum eget, vulputate ut, ultrices vel, augue. Vestibulum ante ipsum primis in faucibus orci luctus et ultrices posuere cubilia Curae; Donec pharetra, magna vestibulum aliquet ultrices, erat tortor sollicitudin mi, sit amet lobortis sapien sapien non mi. Integer ac neque.",20290917 04:23 PM,20290918 04:23 PM
22,3,22,justo morbi ut,"Proin interdum mauris non ligula pellentesque ultrices. Phasellus id sapien in sapien iaculis congue. Vivamus metus arcu, adipiscing molestie, hendrerit at, vulputate vitae, nisl.",20280427 09:48 PM,20280428 09:48 PM
23,3,23,id luctus nec molestie,"Proin interdum mauris non ligula pellentesque ultrices. Phasellus id sapien in sapien iaculis congue. Vivamus metus arcu, adipiscing molestie, hendrerit at, vulputate vitae, nisl.",20290201 11:20 PM,20290202 11:20 PM
24,3,24,diam in magna,Maecenas ut massa quis augue luctus tincidunt. Nulla mollis molestie lorem. Quisque ut erat.,20280729 01:29 PM,20280730 01:29 PM
25,3,25,mi pede malesuada in imperdiet,"Aenean fermentum. Donec ut mauris eget massa tempor convallis. Nulla neque libero, convallis eget, eleifend luctus, ultricies eu, nibh.",20280129 02:37 AM,20280130 02:37 AM
26,3,26,urna pretium nisl ut volutpat,Praesent id massa id nisl venenatis lacinia. Aenean sit amet justo. Morbi ut odio.,20280720 02:44 PM,20280721 02:44 PM
27,3,27,hac habitasse platea dictumst morbi,"Cras mi pede, malesuada in, imperdiet et, commodo vulputate, justo. In blandit ultrices enim. Lorem ipsum dolor sit amet, consectetuer adipiscing elit.",20270102 08:52 PM,20270103 08:52 PM
28,3,28,montes nascetur ridiculus mus vivamus,"Curabitur in libero ut massa volutpat convallis. Morbi odio odio, elementum eu, interdum eu, tincidunt in, leo. Maecenas pulvinar lobortis est.",20250318 07:37 PM,20250319 07:37 PM
29,3,29,enim blandit mi,Integer ac leo. Pellentesque ultrices mattis odio. Donec vitae nisi.,20251011 09:27 PM,20251012 09:27 PM
30,3,30,etiam faucibus cursus urna,Duis bibendum. Morbi non quam nec dui luctus rutrum. Nulla tellus.,20250331 01:51 AM,20250401 01:51 AM
31,4,31,molestie lorem quisque,Cras non velit nec nisi vulputate nonummy. Maecenas tincidunt lacus at velit. Vivamus vel nulla eget eros elementum pellentesque.,20290308 03:12 AM,20290309 03:12 AM
32,4,32,etiam vel augue,Praesent id massa id nisl venenatis lacinia. Aenean sit amet justo. Morbi ut odio.,20290915 04:57 PM,20290916 04:57 PM
33,4,33,aliquet maecenas leo odio,Suspendisse potenti. In eleifend quam a odio. In hac habitasse platea dictumst.,20281102 10:36 PM,20281103 10:36 PM
34,4,34,erat id mauris vulputate elementum,"Maecenas tristique, est et tempus semper, est quam pharetra magna, ac consequat metus sapien ut nunc. Vestibulum ante ipsum primis in faucibus orci luctus et ultrices posuere cubilia Curae; Mauris viverra diam vitae quam. Suspendisse potenti.",20270310 11:51 AM,20270311 11:51 AM
35,4,35,turpis enim blandit mi,"In hac habitasse platea dictumst. Morbi vestibulum, velit id pretium iaculis, diam erat fermentum justo, nec condimentum neque sapien placerat ante. Nulla justo.",20260118 03:45 AM,20260119 03:45 AM
36,4,36,nibh quisque id justo sit,"Quisque id justo sit amet sapien dignissim vestibulum. Vestibulum ante ipsum primis in faucibus orci luctus et ultrices posuere cubilia Curae; Nulla dapibus dolor vel est. Donec odio justo, sollicitudin ut, suscipit a, feugiat et, eros.",20270807 08:54 AM,20270808 08:54 AM
37,4,37,in consequat ut nulla,"Donec diam neque, vestibulum eget, vulputate ut, ultrices vel, augue. Vestibulum ante ipsum primis in faucibus orci luctus et ultrices posuere cubilia Curae; Donec pharetra, magna vestibulum aliquet ultrices, erat tortor sollicitudin mi, sit amet lobortis sapien sapien non mi. Integer ac neque.",20280228 08:05 PM,20280229 08:05 PM
38,4,38,quis tortor id,"In sagittis dui vel nisl. Duis ac nibh. Fusce lacus purus, aliquet at, feugiat non, pretium quis, lectus.",20261105 02:14 PM,20261106 02:14 PM
39,4,39,adipiscing molestie hendrerit at,Etiam vel augue. Vestibulum rutrum rutrum neque. Aenean auctor gravida sem.,20270521 03:09 PM,20270522 03:09 PM
40,4,40,laoreet ut rhoncus aliquet,"Curabitur in libero ut massa volutpat convallis. Morbi odio odio, elementum eu, interdum eu, tincidunt in, leo. Maecenas pulvinar lobortis est.",20270616 09:08 AM,20270617 09:08 AM
41,5,41,quam nec dui,"Quisque id justo sit amet sapien dignissim vestibulum. Vestibulum ante ipsum primis in faucibus orci luctus et ultrices posuere cubilia Curae; Nulla dapibus dolor vel est. Donec odio justo, sollicitudin ut, suscipit a, feugiat et, eros.",20281119 10:27 PM,20281120 10:27 PM
42,5,42,in sagittis dui vel nisl,Sed ante. Vivamus tortor. Duis mattis egestas metus.,20280825 09:31 PM,20280826 09:31 PM
43,5,43,sit amet turpis elementum ligula,"Quisque porta volutpat erat. Quisque erat eros, viverra eget, congue eget, semper rutrum, nulla. Nunc purus.",20281221 12:40 PM,20281222 12:40 PM
44,5,44,in lectus pellentesque,"Vestibulum quam sapien, varius ut, blandit non, interdum in, ante. Vestibulum ante ipsum primis in faucibus orci luctus et ultrices posuere cubilia Curae; Duis faucibus accumsan odio. Curabitur convallis.",20270418 08:54 AM,20270419 08:54 AM
45,5,45,augue aliquam erat volutpat,Nulla ut erat id mauris vulputate elementum. Nullam varius. Nulla facilisi.,20260324 11:21 PM,20260325 11:21 PM
46,5,46,quis libero nullam sit amet,Fusce consequat. Nulla nisl. Nunc nisl.,20270719 06:24 PM,20270720 06:24 PM
47,5,47,elementum nullam varius nulla facilisi,"Duis bibendum, felis sed interdum venenatis, turpis enim blandit mi, in porttitor pede justo eu massa. Donec dapibus. Duis at velit eu est congue elementum.",20250423 07:25 AM,20250424 07:25 AM
48,5,48,nec dui luctus rutrum,In quis justo. Maecenas rhoncus aliquam lacus. Morbi quis tortor id nulla ultrices aliquet.,20260319 05:38 PM,20260320 05:38 PM
49,5,49,vestibulum ante ipsum,"Vestibulum ac est lacinia nisi venenatis tristique. Fusce congue, diam id ornare imperdiet, sapien urna pretium nisl, ut volutpat sapien arcu sed augue. Aliquam erat volutpat.",20281223 01:26 PM,20281224 01:26 PM
50,5,50,metus aenean fermentum donec ut,Praesent id massa id nisl venenatis lacinia. Aenean sit amet justo. Morbi ut odio.,20251108 02:12 PM,20251109 02:12 PM
51,6,51,orci luctus et ultrices,"Quisque id justo sit amet sapien dignissim vestibulum. Vestibulum ante ipsum primis in faucibus orci luctus et ultrices posuere cubilia Curae; Nulla dapibus dolor vel est. Donec odio justo, sollicitudin ut, suscipit a, feugiat et, eros.",20280427 07:07 PM,20280428 07:07 PM
52,6,52,id ligula suspendisse,"Duis bibendum, felis sed interdum venenatis, turpis enim blandit mi, in porttitor pede justo eu massa. Donec dapibus. Duis at velit eu est congue elementum.",20291017 10:07 AM,20291018 10:07 AM
53,6,53,congue etiam justo etiam pretium,"Duis bibendum, felis sed interdum venenatis, turpis enim blandit mi, in porttitor pede justo eu massa. Donec dapibus. Duis at velit eu est congue elementum.",20270330 10:08 PM,20270331 10:08 PM
54,6,54,lorem ipsum dolor,"Morbi non lectus. Aliquam sit amet diam in magna bibendum imperdiet. Nullam orci pede, venenatis non, sodales sed, tincidunt eu, felis.",20270830 03:14 PM,20270831 03:14 PM
55,6,55,nisl duis bibendum,"Nam ultrices, libero non mattis pulvinar, nulla pede ullamcorper augue, a suscipit nulla elit ac nulla. Sed vel enim sit amet nunc viverra dapibus. Nulla suscipit ligula in lacus.",20280114 08:43 AM,20280115 08:43 AM
56,6,56,erat fermentum justo nec,Maecenas ut massa quis augue luctus tincidunt. Nulla mollis molestie lorem. Quisque ut erat.,20300121 04:15 AM,20300122 04:15 AM
57,6,57,convallis nulla neque,"Proin interdum mauris non ligula pellentesque ultrices. Phasellus id sapien in sapien iaculis congue. Vivamus metus arcu, adipiscing molestie, hendrerit at, vulputate vitae, nisl.",20260520 10:24 AM,20260521 10:24 AM
58,6,58,volutpat erat quisque erat,Integer ac leo. Pellentesque ultrices mattis odio. Donec vitae nisi.,20261119 12:34 PM,20261120 12:34 PM
59,6,59,eu magna vulputate luctus cum,"Cras mi pede, malesuada in, imperdiet et, commodo vulputate, justo. In blandit ultrices enim. Lorem ipsum dolor sit amet, consectetuer adipiscing elit.",20291002 11:58 PM,20291003 11:58 PM
60,6,60,sit amet justo morbi,Duis bibendum. Morbi non quam nec dui luctus rutrum. Nulla tellus.,20281216 06:52 PM,20281217 06:52 PM
61,7,61,pede ullamcorper augue a suscipit,In quis justo. Maecenas rhoncus aliquam lacus. Morbi quis tortor id nulla ultrices aliquet.,20290508 07:28 AM,20290509 07:28 AM
62,7,62,blandit nam nulla integer pede,Nullam porttitor lacus at turpis. Donec posuere metus vitae ipsum. Aliquam non mauris.,20261104 03:40 PM,20261105 03:40 PM
63,7,63,cras pellentesque volutpat,"Maecenas tristique, est et tempus semper, est quam pharetra magna, ac consequat metus sapien ut nunc. Vestibulum ante ipsum primis in faucibus orci luctus et ultrices posuere cubilia Curae; Mauris viverra diam vitae quam. Suspendisse potenti.",20260621 01:10 AM,20260622 01:10 AM
64,7,64,fusce congue diam id,"Aenean fermentum. Donec ut mauris eget massa tempor convallis. Nulla neque libero, convallis eget, eleifend luctus, ultricies eu, nibh.",20291127 09:11 PM,20291128 09:11 PM
65,7,65,venenatis turpis enim blandit,"Maecenas leo odio, condimentum id, luctus nec, molestie sed, justo. Pellentesque viverra pede ac diam. Cras pellentesque volutpat dui.",20250418 08:46 AM,20250419 08:46 AM
66,7,66,massa tempor convallis nulla,"Fusce posuere felis sed lacus. Morbi sem mauris, laoreet ut, rhoncus aliquet, pulvinar sed, nisl. Nunc rhoncus dui vel sem.",20260321 05:33 PM,20260322 05:33 PM
67,7,67,donec pharetra magna vestibulum aliquet,"Duis bibendum, felis sed interdum venenatis, turpis enim blandit mi, in porttitor pede justo eu massa. Donec dapibus. Duis at velit eu est congue elementum.",20270428 01:37 AM,20270429 01:37 AM
68,7,68,etiam pretium iaculis,"Vestibulum ac est lacinia nisi venenatis tristique. Fusce congue, diam id ornare imperdiet, sapien urna pretium nisl, ut volutpat sapien arcu sed augue. Aliquam erat volutpat.",20260423 11:25 PM,20260424 11:25 PM
69,7,69,pellentesque ultrices phasellus id sapien,"Praesent blandit. Nam nulla. Integer pede justo, lacinia eget, tincidunt eget, tempus vel, pede.",20260926 01:07 AM,20260927 01:07 AM
70,7,70,maecenas pulvinar lobortis est,"Quisque porta volutpat erat. Quisque erat eros, viverra eget, congue eget, semper rutrum, nulla. Nunc purus.",20281231 05:05 PM,20290101 05:05 PM
71,8,71,donec quis orci eget orci,Integer ac leo. Pellentesque ultrices mattis odio. Donec vitae nisi.,20270803 12:36 AM,20270804 12:36 AM
72,8,72,purus sit amet nulla quisque,Fusce consequat. Nulla nisl. Nunc nisl.,20280220 12:32 PM,20280221 12:32 PM
73,8,73,tellus nulla ut erat,"Sed sagittis. Nam congue, risus semper porta volutpat, quam pede lobortis ligula, sit amet eleifend pede libero quis orci. Nullam molestie nibh in lectus.",20270416 04:39 PM,20270417 04:39 PM
74,8,74,quam sapien varius ut,Suspendisse potenti. In eleifend quam a odio. In hac habitasse platea dictumst.,20270904 03:00 AM,20270905 03:00 AM
75,8,75,sapien cursus vestibulum proin,"Sed sagittis. Nam congue, risus semper porta volutpat, quam pede lobortis ligula, sit amet eleifend pede libero quis orci. Nullam molestie nibh in lectus.",20250320 12:52 AM,20250321 12:52 AM
76,8,76,arcu libero rutrum ac,Duis bibendum. Morbi non quam nec dui luctus rutrum. Nulla tellus.,20290308 02:45 AM,20290309 02:45 AM
77,8,77,vivamus tortor duis mattis,"Maecenas tristique, est et tempus semper, est quam pharetra magna, ac consequat metus sapien ut nunc. Vestibulum ante ipsum primis in faucibus orci luctus et ultrices posuere cubilia Curae; Mauris viverra diam vitae quam. Suspendisse potenti.",20290914 01:07 AM,20290915 01:07 AM
78,8,78,eget congue eget semper rutrum,"Curabitur in libero ut massa volutpat convallis. Morbi odio odio, elementum eu, interdum eu, tincidunt in, leo. Maecenas pulvinar lobortis est.",20281216 05:36 PM,20281217 05:36 PM
79,8,79,metus aenean fermentum donec,"Vestibulum quam sapien, varius ut, blandit non, interdum in, ante. Vestibulum ante ipsum primis in faucibus orci luctus et ultrices posuere cubilia Curae; Duis faucibus accumsan odio. Curabitur convallis.",20290305 04:45 PM,20290306 04:45 PM
80,8,80,risus semper porta volutpat quam,Integer ac leo. Pellentesque ultrices mattis odio. Donec vitae nisi.,20280303 05:45 PM,20280304 05:45 PM
81,9,81,in lectus pellentesque,In quis justo. Maecenas rhoncus aliquam lacus. Morbi quis tortor id nulla ultrices aliquet.,20290907 11:05 PM,20290908 11:05 PM
82,9,82,id nulla ultrices aliquet maecenas,Suspendisse potenti. In eleifend quam a odio. In hac habitasse platea dictumst.,20290108 03:25 PM,20290109 03:25 PM
83,9,83,curabitur gravida nisi at nibh,Duis consequat dui nec nisi volutpat eleifend. Donec ut dolor. Morbi vel lectus in quam fringilla rhoncus.,20251001 03:49 PM,20251002 03:49 PM
84,9,84,nisi eu orci mauris lacinia,Integer tincidunt ante vel ipsum. Praesent blandit lacinia erat. Vestibulum sed magna at nunc commodo placerat.,20280118 03:19 PM,20280119 03:19 PM
85,9,85,quam fringilla rhoncus mauris enim,"Quisque id justo sit amet sapien dignissim vestibulum. Vestibulum ante ipsum primis in faucibus orci luctus et ultrices posuere cubilia Curae; Nulla dapibus dolor vel est. Donec odio justo, sollicitudin ut, suscipit a, feugiat et, eros.",20261003 01:17 AM,20261004 01:17 AM
86,9,86,quis orci nullam molestie,"Curabitur at ipsum ac tellus semper interdum. Mauris ullamcorper purus sit amet nulla. Quisque arcu libero, rutrum ac, lobortis vel, dapibus at, diam.",20300220 12:41 AM,20300221 12:41 AM
87,9,87,vel nisl duis ac,Phasellus sit amet erat. Nulla tempus. Vivamus in felis eu sapien cursus vestibulum.,20260123 07:25 AM,20260124 07:25 AM
88,9,88,enim blandit mi,Fusce consequat. Nulla nisl. Nunc nisl.,20270320 11:15 AM,20270321 11:15 AM
89,9,89,maecenas pulvinar lobortis,In quis justo. Maecenas rhoncus aliquam lacus. Morbi quis tortor id nulla ultrices aliquet.,20290330 12:48 AM,20290331 12:48 AM
90,9,90,mi integer ac,"Duis bibendum, felis sed interdum venenatis, turpis enim blandit mi, in porttitor pede justo eu massa. Donec dapibus. Duis at velit eu est congue elementum.",20251012 09:06 PM,20251013 09:06 PM
91,10,91,neque duis bibendum,Cras non velit nec nisi vulputate nonummy. Maecenas tincidunt lacus at velit. Vivamus vel nulla eget eros elementum pellentesque.,20300131 01:50 PM,20300201 01:50 PM
92,10,92,at velit vivamus vel,"Cras mi pede, malesuada in, imperdiet et, commodo vulputate, justo. In blandit ultrices enim. Lorem ipsum dolor sit amet, consectetuer adipiscing elit.",20290727 10:20 PM,20290728 10:20 PM
93,10,93,gravida nisi at,Aenean lectus. Pellentesque eget nunc. Donec quis orci eget orci vehicula condimentum.,20280516 08:45 PM,20280517 08:45 PM
94,10,94,et ultrices posuere,"Cras mi pede, malesuada in, imperdiet et, commodo vulputate, justo. In blandit ultrices enim. Lorem ipsum dolor sit amet, consectetuer adipiscing elit.",20280701 06:16 PM,20280702 06:16 PM
95,10,95,est quam pharetra,"Morbi porttitor lorem id ligula. Suspendisse ornare consequat lectus. In est risus, auctor sed, tristique in, tempus sit amet, sem.",20290526 01:38 PM,20290527 01:38 PM
96,10,96,ultrices vel augue,"Maecenas leo odio, condimentum id, luctus nec, molestie sed, justo. Pellentesque viverra pede ac diam. Cras pellentesque volutpat dui.",20290517 05:01 PM,20290518 05:01 PM
97,10,97,sapien cum sociis natoque penatibus,"Proin eu mi. Nulla ac enim. In tempor, turpis nec euismod scelerisque, quam turpis adipiscing lorem, vitae mattis nibh ligula nec sem.",20250511 09:38 PM,20250512 09:38 PM
98,10,98,eget rutrum at,"Nam ultrices, libero non mattis pulvinar, nulla pede ullamcorper augue, a suscipit nulla elit ac nulla. Sed vel enim sit amet nunc viverra dapibus. Nulla suscipit ligula in lacus.",20260517 02:46 AM,20260518 02:46 AM
99,10,99,non pretium quis,"Quisque id justo sit amet sapien dignissim vestibulum. Vestibulum ante ipsum primis in faucibus orci luctus et ultrices posuere cubilia Curae; Nulla dapibus dolor vel est. Donec odio justo, sollicitudin ut, suscipit a, feugiat et, eros.",20270713 01:07 AM,20270714 01:07 AM
100,10,100,id justo sit amet sapien,"In sagittis dui vel nisl. Duis ac nibh. Fusce lacus purus, aliquet at, feugiat non, pretium quis, lectus.",20280921 08:49 AM,20280922 08:49 AM
101,11,101,eget massa tempor convallis nulla,"Aenean fermentum. Donec ut mauris eget massa tempor convallis. Nulla neque libero, convallis eget, eleifend luctus, ultricies eu, nibh.",20251003 03:38 AM,20251004 03:38 AM
102,11,102,scelerisque quam turpis adipiscing lorem,"Quisque porta volutpat erat. Quisque erat eros, viverra eget, congue eget, semper rutrum, nulla. Nunc purus.",20260525 02:30 AM,20260526 02:30 AM
103,11,103,donec quis orci eget orci,"Sed sagittis. Nam congue, risus semper porta volutpat, quam pede lobortis ligula, sit amet eleifend pede libero quis orci. Nullam molestie nibh in lectus.",20281001 12:58 PM,20281002 12:58 PM
104,11,104,sed vestibulum sit amet cursus,"Vestibulum ac est lacinia nisi venenatis tristique. Fusce congue, diam id ornare imperdiet, sapien urna pretium nisl, ut volutpat sapien arcu sed augue. Aliquam erat volutpat.",20251018 03:36 PM,20251019 03:36 PM
105,11,105,praesent id massa id nisl,"Curabitur at ipsum ac tellus semper interdum. Mauris ullamcorper purus sit amet nulla. Quisque arcu libero, rutrum ac, lobortis vel, dapibus at, diam.",20270619 10:35 AM,20270620 10:35 AM
106,11,106,turpis adipiscing lorem,Pellentesque at nulla. Suspendisse potenti. Cras in purus eu magna vulputate luctus.,20271229 08:13 AM,20271230 08:13 AM
107,11,107,amet eleifend pede,"Lorem ipsum dolor sit amet, consectetuer adipiscing elit. Proin risus. Praesent lectus.",20280702 02:03 AM,20280703 02:03 AM
108,11,108,ut mauris eget massa tempor,In hac habitasse platea dictumst. Etiam faucibus cursus urna. Ut tellus.,20260420 02:51 PM,20260421 02:51 PM
109,11,109,pretium iaculis justo,Suspendisse potenti. In eleifend quam a odio. In hac habitasse platea dictumst.,20260418 11:02 AM,20260419 11:02 AM
110,11,110,tincidunt lacus at velit vivamus,Nullam porttitor lacus at turpis. Donec posuere metus vitae ipsum. Aliquam non mauris.,20271129 06:04 AM,20271130 06:04 AM
111,12,111,nisl nunc nisl duis bibendum,"Morbi non lectus. Aliquam sit amet diam in magna bibendum imperdiet. Nullam orci pede, venenatis non, sodales sed, tincidunt eu, felis.",20250320 04:15 PM,20250321 04:15 PM
112,12,112,est quam pharetra magna,Sed ante. Vivamus tortor. Duis mattis egestas metus.,20250810 05:43 PM,20250811 05:43 PM
113,12,113,orci nullam molestie nibh in,"Lorem ipsum dolor sit amet, consectetuer adipiscing elit. Proin risus. Praesent lectus.",20260112 02:47 AM,20260113 02:47 AM
114,12,114,pede venenatis non sodales,"Cum sociis natoque penatibus et magnis dis parturient montes, nascetur ridiculus mus. Vivamus vestibulum sagittis sapien. Cum sociis natoque penatibus et magnis dis parturient montes, nascetur ridiculus mus.",20280205 03:53 PM,20280206 03:53 PM
115,12,115,sapien dignissim vestibulum vestibulum,Etiam vel augue. Vestibulum rutrum rutrum neque. Aenean auctor gravida sem.,20251022 04:58 AM,20251023 04:58 AM
116,12,116,sit amet consectetuer adipiscing elit,"Proin leo odio, porttitor id, consequat in, consequat ut, nulla. Sed accumsan felis. Ut at dolor quis odio consequat varius.",20290215 12:07 PM,20290216 12:07 PM
117,12,117,mus etiam vel,"In hac habitasse platea dictumst. Morbi vestibulum, velit id pretium iaculis, diam erat fermentum justo, nec condimentum neque sapien placerat ante. Nulla justo.",20260707 06:43 PM,20260708 06:43 PM
118,12,118,eu magna vulputate luctus,"Morbi non lectus. Aliquam sit amet diam in magna bibendum imperdiet. Nullam orci pede, venenatis non, sodales sed, tincidunt eu, felis.",20261025 12:06 AM,20261026 12:06 AM
119,12,119,in lacus curabitur,In hac habitasse platea dictumst. Etiam faucibus cursus urna. Ut tellus.,20291111 10:02 PM,20291112 10:02 PM
120,12,120,diam nam tristique tortor,Integer tincidunt ante vel ipsum. Praesent blandit lacinia erat. Vestibulum sed magna at nunc commodo placerat.,20290307 02:18 AM,20290308 02:18 AM
121,13,121,in hac habitasse,"Sed sagittis. Nam congue, risus semper porta volutpat, quam pede lobortis ligula, sit amet eleifend pede libero quis orci. Nullam molestie nibh in lectus.",20250422 09:06 AM,20250423 09:06 AM
122,13,122,sapien dignissim vestibulum vestibulum ante,"Aenean fermentum. Donec ut mauris eget massa tempor convallis. Nulla neque libero, convallis eget, eleifend luctus, ultricies eu, nibh.",20250703 12:48 AM,20250704 12:48 AM
123,13,123,condimentum id luctus nec molestie,"Morbi porttitor lorem id ligula. Suspendisse ornare consequat lectus. In est risus, auctor sed, tristique in, tempus sit amet, sem.",20270820 12:50 AM,20270821 12:50 AM
124,13,124,at diam nam tristique tortor,Nullam porttitor lacus at turpis. Donec posuere metus vitae ipsum. Aliquam non mauris.,20270201 01:01 PM,20270202 01:01 PM
125,13,125,pulvinar lobortis est phasellus,Maecenas ut massa quis augue luctus tincidunt. Nulla mollis molestie lorem. Quisque ut erat.,20280414 10:54 PM,20280415 10:54 PM
126,13,126,pede libero quis,Maecenas ut massa quis augue luctus tincidunt. Nulla mollis molestie lorem. Quisque ut erat.,20290912 04:01 AM,20290913 04:01 AM
127,13,127,erat vestibulum sed magna,"Proin eu mi. Nulla ac enim. In tempor, turpis nec euismod scelerisque, quam turpis adipiscing lorem, vitae mattis nibh ligula nec sem.",20291231 11:15 PM,20300101 11:15 PM
128,13,128,porttitor id consequat in,"Vestibulum quam sapien, varius ut, blandit non, interdum in, ante. Vestibulum ante ipsum primis in faucibus orci luctus et ultrices posuere cubilia Curae; Duis faucibus accumsan odio. Curabitur convallis.",20280107 01:31 AM,20280108 01:31 AM
129,13,129,nulla nisl nunc nisl duis,"Praesent blandit. Nam nulla. Integer pede justo, lacinia eget, tincidunt eget, tempus vel, pede.",20280620 02:24 AM,20280621 02:24 AM
130,13,130,purus sit amet nulla,"Quisque porta volutpat erat. Quisque erat eros, viverra eget, congue eget, semper rutrum, nulla. Nunc purus.",20270315 06:14 AM,20270316 06:14 AM
131,14,131,tempor turpis nec,"In hac habitasse platea dictumst. Morbi vestibulum, velit id pretium iaculis, diam erat fermentum justo, nec condimentum neque sapien placerat ante. Nulla justo.",20290124 07:02 AM,20290125 07:02 AM
132,14,132,felis donec semper,"Quisque porta volutpat erat. Quisque erat eros, viverra eget, congue eget, semper rutrum, nulla. Nunc purus.",20270813 04:17 PM,20270814 04:17 PM
133,14,133,ante ipsum primis in,Nulla ut erat id mauris vulputate elementum. Nullam varius. Nulla facilisi.,20280119 05:33 PM,20280120 05:33 PM
134,14,134,in ante vestibulum ante,"Vestibulum quam sapien, varius ut, blandit non, interdum in, ante. Vestibulum ante ipsum primis in faucibus orci luctus et ultrices posuere cubilia Curae; Duis faucibus accumsan odio. Curabitur convallis.",20270803 01:04 AM,20270804 01:04 AM
135,14,135,ante vel ipsum praesent,"Proin eu mi. Nulla ac enim. In tempor, turpis nec euismod scelerisque, quam turpis adipiscing lorem, vitae mattis nibh ligula nec sem.",20290817 12:52 PM,20290818 12:52 PM
136,14,136,feugiat et eros vestibulum ac,Aliquam quis turpis eget elit sodales scelerisque. Mauris sit amet eros. Suspendisse accumsan tortor quis turpis.,20290226 10:35 PM,20290227 10:35 PM
137,14,137,eu tincidunt in leo maecenas,In congue. Etiam justo. Etiam pretium iaculis justo.,20270920 07:57 PM,20270921 07:57 PM
138,14,138,lacinia eget tincidunt eget,Maecenas ut massa quis augue luctus tincidunt. Nulla mollis molestie lorem. Quisque ut erat.,20260403 07:47 AM,20260404 07:47 AM
139,14,139,magna vulputate luctus,"Nam ultrices, libero non mattis pulvinar, nulla pede ullamcorper augue, a suscipit nulla elit ac nulla. Sed vel enim sit amet nunc viverra dapibus. Nulla suscipit ligula in lacus.",20260704 03:06 AM,20260705 03:06 AM
140,14,140,volutpat convallis morbi,"Vestibulum quam sapien, varius ut, blandit non, interdum in, ante. Vestibulum ante ipsum primis in faucibus orci luctus et ultrices posuere cubilia Curae; Duis faucibus accumsan odio. Curabitur convallis.",20280112 05:06 PM,20280113 05:06 PM
141,15,141,posuere cubilia curae donec pharetra,"In sagittis dui vel nisl. Duis ac nibh. Fusce lacus purus, aliquet at, feugiat non, pretium quis, lectus.",20291031 11:44 AM,20291101 11:44 AM
142,15,142,mi pede malesuada,"Quisque id justo sit amet sapien dignissim vestibulum. Vestibulum ante ipsum primis in faucibus orci luctus et ultrices posuere cubilia Curae; Nulla dapibus dolor vel est. Donec odio justo, sollicitudin ut, suscipit a, feugiat et, eros.",20291225 07:41 PM,20291226 07:41 PM
143,15,143,non interdum in,"In sagittis dui vel nisl. Duis ac nibh. Fusce lacus purus, aliquet at, feugiat non, pretium quis, lectus.",20270304 06:59 PM,20270305 06:59 PM
144,15,144,ultricies eu nibh quisque id,"Praesent blandit. Nam nulla. Integer pede justo, lacinia eget, tincidunt eget, tempus vel, pede.",20260808 08:06 AM,20260809 08:06 AM
145,15,145,in felis eu,"Praesent blandit. Nam nulla. Integer pede justo, lacinia eget, tincidunt eget, tempus vel, pede.",20250408 08:13 PM,20250409 08:13 PM
146,15,146,eget tempus vel pede,"Mauris enim leo, rhoncus sed, vestibulum sit amet, cursus id, turpis. Integer aliquet, massa id lobortis convallis, tortor risus dapibus augue, vel accumsan tellus nisi eu orci. Mauris lacinia sapien quis libero.",20261215 12:17 AM,20261216 12:17 AM
147,15,147,erat tortor sollicitudin mi,Nullam porttitor lacus at turpis. Donec posuere metus vitae ipsum. Aliquam non mauris.,20260223 07:50 PM,20260224 07:50 PM
148,15,148,congue vivamus metus arcu,Etiam vel augue. Vestibulum rutrum rutrum neque. Aenean auctor gravida sem.,20270903 04:59 AM,20270904 04:59 AM
149,15,149,mattis pulvinar nulla pede ullamcorper,Duis consequat dui nec nisi volutpat eleifend. Donec ut dolor. Morbi vel lectus in quam fringilla rhoncus.,20260910 09:57 PM,20260911 09:57 PM
150,15,150,habitasse platea dictumst etiam faucibus,"Morbi porttitor lorem id ligula. Suspendisse ornare consequat lectus. In est risus, auctor sed, tristique in, tempus sit amet, sem.",20260102 09:27 AM,20260103 09:27 AM
151,16,151,vivamus metus arcu adipiscing molestie,"Cum sociis natoque penatibus et magnis dis parturient montes, nascetur ridiculus mus. Vivamus vestibulum sagittis sapien. Cum sociis natoque penatibus et magnis dis parturient montes, nascetur ridiculus mus.",20281012 05:07 AM,20281013 05:07 AM
152,16,152,sodales scelerisque mauris sit amet,Etiam vel augue. Vestibulum rutrum rutrum neque. Aenean auctor gravida sem.,20281204 09:54 PM,20281205 09:54 PM
153,16,153,nulla integer pede justo lacinia,"Curabitur at ipsum ac tellus semper interdum. Mauris ullamcorper purus sit amet nulla. Quisque arcu libero, rutrum ac, lobortis vel, dapibus at, diam.",20250927 12:59 PM,20250928 12:59 PM
154,16,154,nisl venenatis lacinia aenean sit,"Cum sociis natoque penatibus et magnis dis parturient montes, nascetur ridiculus mus. Vivamus vestibulum sagittis sapien. Cum sociis natoque penatibus et magnis dis parturient montes, nascetur ridiculus mus.",20260916 05:26 AM,20260917 05:26 AM
155,16,155,non velit donec diam,"Maecenas leo odio, condimentum id, luctus nec, molestie sed, justo. Pellentesque viverra pede ac diam. Cras pellentesque volutpat dui.",20251011 02:34 PM,20251012 02:34 PM
156,16,156,at lorem integer,"Sed sagittis. Nam congue, risus semper porta volutpat, quam pede lobortis ligula, sit amet eleifend pede libero quis orci. Nullam molestie nibh in lectus.",20290829 07:40 PM,20290830 07:40 PM
157,16,157,imperdiet et commodo,"Maecenas leo odio, condimentum id, luctus nec, molestie sed, justo. Pellentesque viverra pede ac diam. Cras pellentesque volutpat dui.",20250506 05:51 PM,20250507 05:51 PM
158,16,158,ultrices posuere cubilia curae nulla,Fusce consequat. Nulla nisl. Nunc nisl.,20250419 12:58 PM,20250420 12:58 PM
159,16,159,ipsum primis in,"Maecenas leo odio, condimentum id, luctus nec, molestie sed, justo. Pellentesque viverra pede ac diam. Cras pellentesque volutpat dui.",20291231 01:24 PM,20300101 01:24 PM
160,16,160,diam cras pellentesque volutpat dui,Maecenas ut massa quis augue luctus tincidunt. Nulla mollis molestie lorem. Quisque ut erat.,20290317 03:16 AM,20290318 03:16 AM
161,17,161,pellentesque quisque porta volutpat,In quis justo. Maecenas rhoncus aliquam lacus. Morbi quis tortor id nulla ultrices aliquet.,20281215 02:12 AM,20281216 02:12 AM
162,17,162,parturient montes nascetur ridiculus,Nulla ut erat id mauris vulputate elementum. Nullam varius. Nulla facilisi.,20260810 07:53 AM,20260811 07:53 AM
163,17,163,aenean sit amet justo,Integer tincidunt ante vel ipsum. Praesent blandit lacinia erat. Vestibulum sed magna at nunc commodo placerat.,20260617 10:10 AM,20260618 10:10 AM
164,17,164,ultrices libero non mattis pulvinar,Praesent id massa id nisl venenatis lacinia. Aenean sit amet justo. Morbi ut odio.,20261221 08:54 PM,20261222 08:54 PM
165,17,165,congue etiam justo,Nullam porttitor lacus at turpis. Donec posuere metus vitae ipsum. Aliquam non mauris.,20290723 04:10 PM,20290724 04:10 PM
166,17,166,orci pede venenatis,"In hac habitasse platea dictumst. Morbi vestibulum, velit id pretium iaculis, diam erat fermentum justo, nec condimentum neque sapien placerat ante. Nulla justo.",20291213 03:22 PM,20291214 03:22 PM
167,17,167,ac enim in,Nullam porttitor lacus at turpis. Donec posuere metus vitae ipsum. Aliquam non mauris.,20280426 04:57 AM,20280427 04:57 AM
168,17,168,vel accumsan tellus nisi,Nulla ut erat id mauris vulputate elementum. Nullam varius. Nulla facilisi.,20250701 02:52 PM,20250702 02:52 PM
169,17,169,velit donec diam neque,"In sagittis dui vel nisl. Duis ac nibh. Fusce lacus purus, aliquet at, feugiat non, pretium quis, lectus.",20271207 01:30 PM,20271208 01:30 PM
170,17,170,dis parturient montes nascetur,Phasellus in felis. Donec semper sapien a libero. Nam dui.,20270104 10:52 PM,20270105 10:52 PM
171,18,171,a libero nam dui proin,Nullam porttitor lacus at turpis. Donec posuere metus vitae ipsum. Aliquam non mauris.,20280106 10:19 AM,20280107 10:19 AM
172,18,172,odio condimentum id luctus,"In hac habitasse platea dictumst. Morbi vestibulum, velit id pretium iaculis, diam erat fermentum justo, nec condimentum neque sapien placerat ante. Nulla justo.",20260925 11:41 PM,20260926 11:41 PM
173,18,173,sed vestibulum sit amet cursus,Phasellus sit amet erat. Nulla tempus. Vivamus in felis eu sapien cursus vestibulum.,20260424 07:30 AM,20260425 07:30 AM
174,18,174,ornare imperdiet sapien urna pretium,Integer tincidunt ante vel ipsum. Praesent blandit lacinia erat. Vestibulum sed magna at nunc commodo placerat.,20291010 01:45 AM,20291011 01:45 AM
175,18,175,amet sem fusce consequat,"Morbi porttitor lorem id ligula. Suspendisse ornare consequat lectus. In est risus, auctor sed, tristique in, tempus sit amet, sem.",20260320 06:09 AM,20260321 06:09 AM
176,18,176,et eros vestibulum ac est,"In sagittis dui vel nisl. Duis ac nibh. Fusce lacus purus, aliquet at, feugiat non, pretium quis, lectus.",20271119 09:11 PM,20271120 09:11 PM
177,18,177,ante ipsum primis in,"Quisque id justo sit amet sapien dignissim vestibulum. Vestibulum ante ipsum primis in faucibus orci luctus et ultrices posuere cubilia Curae; Nulla dapibus dolor vel est. Donec odio justo, sollicitudin ut, suscipit a, feugiat et, eros.",20281010 10:28 PM,20281011 10:28 PM
178,18,178,platea dictumst etiam faucibus cursus,Aliquam quis turpis eget elit sodales scelerisque. Mauris sit amet eros. Suspendisse accumsan tortor quis turpis.,20280910 02:23 PM,20280911 02:23 PM
179,18,179,est risus auctor sed tristique,Aliquam quis turpis eget elit sodales scelerisque. Mauris sit amet eros. Suspendisse accumsan tortor quis turpis.,20290724 02:41 AM,20290725 02:41 AM
180,18,180,erat fermentum justo nec,Integer ac leo. Pellentesque ultrices mattis odio. Donec vitae nisi.,20250915 10:04 PM,20250916 10:04 PM
181,19,181,dui luctus rutrum nulla,"Sed sagittis. Nam congue, risus semper porta volutpat, quam pede lobortis ligula, sit amet eleifend pede libero quis orci. Nullam molestie nibh in lectus.",20251213 02:49 PM,20251214 02:49 PM
182,19,182,vestibulum vestibulum ante ipsum,"Maecenas leo odio, condimentum id, luctus nec, molestie sed, justo. Pellentesque viverra pede ac diam. Cras pellentesque volutpat dui.",20270929 02:02 PM,20270930 02:02 PM
183,19,183,ipsum primis in,"Donec diam neque, vestibulum eget, vulputate ut, ultrices vel, augue. Vestibulum ante ipsum primis in faucibus orci luctus et ultrices posuere cubilia Curae; Donec pharetra, magna vestibulum aliquet ultrices, erat tortor sollicitudin mi, sit amet lobortis sapien sapien non mi. Integer ac neque.",20280714 01:43 PM,20280715 01:43 PM
184,19,184,ut volutpat sapien arcu,"Curabitur gravida nisi at nibh. In hac habitasse platea dictumst. Aliquam augue quam, sollicitudin vitae, consectetuer eget, rutrum at, lorem.",20280501 10:06 PM,20280502 10:06 PM
185,19,185,leo maecenas pulvinar lobortis,"Morbi porttitor lorem id ligula. Suspendisse ornare consequat lectus. In est risus, auctor sed, tristique in, tempus sit amet, sem.",20271014 05:53 PM,20271015 05:53 PM
186,19,186,ornare imperdiet sapien,"Cras mi pede, malesuada in, imperdiet et, commodo vulputate, justo. In blandit ultrices enim. Lorem ipsum dolor sit amet, consectetuer adipiscing elit.",20280204 11:52 PM,20280205 11:52 PM
187,19,187,integer a nibh in,Duis aliquam convallis nunc. Proin at turpis a pede posuere nonummy. Integer non velit.,20260707 09:46 PM,20260708 09:46 PM
188,19,188,mauris morbi non lectus aliquam,Duis aliquam convallis nunc. Proin at turpis a pede posuere nonummy. Integer non velit.,20280221 09:32 AM,20280222 09:32 AM
189,19,189,blandit mi in porttitor,Duis consequat dui nec nisi volutpat eleifend. Donec ut dolor. Morbi vel lectus in quam fringilla rhoncus.,20280309 02:52 AM,20280310 02:52 AM
190,19,190,leo odio porttitor id consequat,Duis aliquam convallis nunc. Proin at turpis a pede posuere nonummy. Integer non velit.,20281028 04:24 PM,20281029 04:24 PM
191,20,191,tristique in tempus sit amet,"Maecenas tristique, est et tempus semper, est quam pharetra magna, ac consequat metus sapien ut nunc. Vestibulum ante ipsum primis in faucibus orci luctus et ultrices posuere cubilia Curae; Mauris viverra diam vitae quam. Suspendisse potenti.",20300117 06:09 AM,20300118 06:09 AM
192,20,192,dapibus at diam,"Maecenas tristique, est et tempus semper, est quam pharetra magna, ac consequat metus sapien ut nunc. Vestibulum ante ipsum primis in faucibus orci luctus et ultrices posuere cubilia Curae; Mauris viverra diam vitae quam. Suspendisse potenti.",20261205 06:18 AM,20261206 06:18 AM
193,20,193,semper rutrum nulla,"Quisque porta volutpat erat. Quisque erat eros, viverra eget, congue eget, semper rutrum, nulla. Nunc purus.",20250316 08:55 AM,20250317 08:55 AM
194,20,194,vestibulum velit id pretium iaculis,"Morbi porttitor lorem id ligula. Suspendisse ornare consequat lectus. In est risus, auctor sed, tristique in, tempus sit amet, sem.",20260126 10:42 PM,20260127 10:42 PM
195,20,195,nunc donec quis,"Curabitur in libero ut massa volutpat convallis. Morbi odio odio, elementum eu, interdum eu, tincidunt in, leo. Maecenas pulvinar lobortis est.",20270611 07:59 AM,20270612 07:59 AM
196,20,196,iaculis diam erat fermentum justo,"Maecenas leo odio, condimentum id, luctus nec, molestie sed, justo. Pellentesque viverra pede ac diam. Cras pellentesque volutpat dui.",20280227 01:14 PM,20280228 01:14 PM
197,20,197,ut at dolor quis,"Praesent blandit. Nam nulla. Integer pede justo, lacinia eget, tincidunt eget, tempus vel, pede.",20271027 06:36 PM,20271028 06:36 PM
198,20,198,rutrum ac lobortis vel dapibus,"Quisque id justo sit amet sapien dignissim vestibulum. Vestibulum ante ipsum primis in faucibus orci luctus et ultrices posuere cubilia Curae; Nulla dapibus dolor vel est. Donec odio justo, sollicitudin ut, suscipit a, feugiat et, eros.",20250404 11:49 PM,20250405 11:49 PM
199,20,199,praesent blandit nam nulla integer,Aenean lectus. Pellentesque eget nunc. Donec quis orci eget orci vehicula condimentum.,20290127 06:42 PM,20290128 06:42 PM
200,20,200,integer ac neque duis bibendum,"Sed sagittis. Nam congue, risus semper porta volutpat, quam pede lobortis ligula, sit amet eleifend pede libero quis orci. Nullam molestie nibh in lectus.",20290814 12:34 PM,20290815 12:34 PM
201,21,1,nisi vulputate nonummy maecenas tincidunt,"Curabitur at ipsum ac tellus semper interdum. Mauris ullamcorper purus sit amet nulla. Quisque arcu libero, rutrum ac, lobortis vel, dapibus at, diam.",20280629 05:30 AM,20280630 05:30 AM
202,21,2,primis in faucibus orci,Maecenas ut massa quis augue luctus tincidunt. Nulla mollis molestie lorem. Quisque ut erat.,20270513 11:33 AM,20270514 11:33 AM
203,21,3,sapien cursus vestibulum proin eu,"Quisque id justo sit amet sapien dignissim vestibulum. Vestibulum ante ipsum primis in faucibus orci luctus et ultrices posuere cubilia Curae; Nulla dapibus dolor vel est. Donec odio justo, sollicitudin ut, suscipit a, feugiat et, eros.",20260104 01:43 AM,20260105 01:43 AM
204,21,4,congue vivamus metus arcu,Pellentesque at nulla. Suspendisse potenti. Cras in purus eu magna vulputate luctus.,20280110 01:29 AM,20280111 01:29 AM
205,21,5,hac habitasse platea,"Mauris enim leo, rhoncus sed, vestibulum sit amet, cursus id, turpis. Integer aliquet, massa id lobortis convallis, tortor risus dapibus augue, vel accumsan tellus nisi eu orci. Mauris lacinia sapien quis libero.",20260213 01:46 AM,20260214 01:46 AM
206,21,6,nulla nunc purus phasellus,"Duis bibendum, felis sed interdum venenatis, turpis enim blandit mi, in porttitor pede justo eu massa. Donec dapibus. Duis at velit eu est congue elementum.",20260109 08:12 AM,20260110 08:12 AM
207,21,7,orci luctus et,"Nam ultrices, libero non mattis pulvinar, nulla pede ullamcorper augue, a suscipit nulla elit ac nulla. Sed vel enim sit amet nunc viverra dapibus. Nulla suscipit ligula in lacus.",20280723 11:06 PM,20280724 11:06 PM
208,21,8,vel lectus in quam,"Curabitur gravida nisi at nibh. In hac habitasse platea dictumst. Aliquam augue quam, sollicitudin vitae, consectetuer eget, rutrum at, lorem.",20290615 09:52 PM,20290616 09:52 PM
209,21,9,fusce lacus purus aliquet at,"Lorem ipsum dolor sit amet, consectetuer adipiscing elit. Proin risus. Praesent lectus.",20280113 09:51 AM,20280114 09:51 AM
210,21,10,vel sem sed,"Sed sagittis. Nam congue, risus semper porta volutpat, quam pede lobortis ligula, sit amet eleifend pede libero quis orci. Nullam molestie nibh in lectus.",20281207 04:18 AM,20281208 04:18 AM
211,22,11,aliquet maecenas leo odio condimentum,"Vestibulum quam sapien, varius ut, blandit non, interdum in, ante. Vestibulum ante ipsum primis in faucibus orci luctus et ultrices posuere cubilia Curae; Duis faucibus accumsan odio. Curabitur convallis.",20290909 10:35 PM,20290910 10:35 PM
212,22,12,nulla elit ac nulla sed,Aliquam quis turpis eget elit sodales scelerisque. Mauris sit amet eros. Suspendisse accumsan tortor quis turpis.,20271010 12:14 AM,20271011 12:14 AM
213,22,13,accumsan tellus nisi eu orci,"Cum sociis natoque penatibus et magnis dis parturient montes, nascetur ridiculus mus. Vivamus vestibulum sagittis sapien. Cum sociis natoque penatibus et magnis dis parturient montes, nascetur ridiculus mus.",20280119 04:02 AM,20280120 04:02 AM
214,22,14,venenatis tristique fusce congue diam,"Morbi non lectus. Aliquam sit amet diam in magna bibendum imperdiet. Nullam orci pede, venenatis non, sodales sed, tincidunt eu, felis.",20290411 12:24 AM,20290412 12:24 AM
215,22,15,maecenas leo odio condimentum id,"Quisque porta volutpat erat. Quisque erat eros, viverra eget, congue eget, semper rutrum, nulla. Nunc purus.",20300208 03:45 PM,20300209 03:45 PM
216,22,16,accumsan odio curabitur convallis,"In sagittis dui vel nisl. Duis ac nibh. Fusce lacus purus, aliquet at, feugiat non, pretium quis, lectus.",20270211 05:51 AM,20270212 05:51 AM
217,22,17,ornare imperdiet sapien,"Morbi non lectus. Aliquam sit amet diam in magna bibendum imperdiet. Nullam orci pede, venenatis non, sodales sed, tincidunt eu, felis.",20281218 11:49 PM,20281219 11:49 PM
218,22,18,ut nulla sed accumsan felis,"Maecenas tristique, est et tempus semper, est quam pharetra magna, ac consequat metus sapien ut nunc. Vestibulum ante ipsum primis in faucibus orci luctus et ultrices posuere cubilia Curae; Mauris viverra diam vitae quam. Suspendisse potenti.",20250324 02:20 PM,20250325 02:20 PM
219,22,19,magna ac consequat,Integer ac leo. Pellentesque ultrices mattis odio. Donec vitae nisi.,20251117 07:13 AM,20251118 07:13 AM
220,22,20,diam neque vestibulum eget,"Vestibulum ac est lacinia nisi venenatis tristique. Fusce congue, diam id ornare imperdiet, sapien urna pretium nisl, ut volutpat sapien arcu sed augue. Aliquam erat volutpat.",20271106 11:16 AM,20271107 11:16 AM
221,23,21,ipsum primis in faucibus,In quis justo. Maecenas rhoncus aliquam lacus. Morbi quis tortor id nulla ultrices aliquet.,20260125 01:51 AM,20260126 01:51 AM
222,23,22,mauris morbi non lectus aliquam,Sed ante. Vivamus tortor. Duis mattis egestas metus.,20280221 05:57 AM,20280222 05:57 AM
223,23,23,morbi vestibulum velit,"Sed sagittis. Nam congue, risus semper porta volutpat, quam pede lobortis ligula, sit amet eleifend pede libero quis orci. Nullam molestie nibh in lectus.",20291027 07:46 PM,20291028 07:46 PM
224,23,24,nec sem duis,Phasellus sit amet erat. Nulla tempus. Vivamus in felis eu sapien cursus vestibulum.,20260527 10:35 AM,20260528 10:35 AM
225,23,25,aliquet maecenas leo,"Vestibulum ac est lacinia nisi venenatis tristique. Fusce congue, diam id ornare imperdiet, sapien urna pretium nisl, ut volutpat sapien arcu sed augue. Aliquam erat volutpat.",20281024 08:05 PM,20281025 08:05 PM
226,23,26,vel dapibus at,Etiam vel augue. Vestibulum rutrum rutrum neque. Aenean auctor gravida sem.,20260318 12:01 PM,20260319 12:01 PM
227,23,27,elementum nullam varius nulla facilisi,"Praesent blandit. Nam nulla. Integer pede justo, lacinia eget, tincidunt eget, tempus vel, pede.",20300209 09:28 PM,20300210 09:28 PM
228,23,28,nulla eget eros elementum,Etiam vel augue. Vestibulum rutrum rutrum neque. Aenean auctor gravida sem.,20270408 12:48 PM,20270409 12:48 PM
229,23,29,non interdum in ante vestibulum,"Proin eu mi. Nulla ac enim. In tempor, turpis nec euismod scelerisque, quam turpis adipiscing lorem, vitae mattis nibh ligula nec sem.",20290214 03:16 AM,20290215 03:16 AM
230,23,30,platea dictumst etiam,"Proin eu mi. Nulla ac enim. In tempor, turpis nec euismod scelerisque, quam turpis adipiscing lorem, vitae mattis nibh ligula nec sem.",20261111 11:05 PM,20261112 11:05 PM
231,24,31,id justo sit amet,Duis aliquam convallis nunc. Proin at turpis a pede posuere nonummy. Integer non velit.,20291104 07:47 PM,20291105 07:47 PM
232,24,32,fermentum justo nec condimentum,"In sagittis dui vel nisl. Duis ac nibh. Fusce lacus purus, aliquet at, feugiat non, pretium quis, lectus.",20280804 02:43 PM,20280805 02:43 PM
233,24,33,parturient montes nascetur ridiculus mus,"Proin interdum mauris non ligula pellentesque ultrices. Phasellus id sapien in sapien iaculis congue. Vivamus metus arcu, adipiscing molestie, hendrerit at, vulputate vitae, nisl.",20270329 08:05 PM,20270330 08:05 PM
234,24,34,nam nulla integer pede justo,"Maecenas leo odio, condimentum id, luctus nec, molestie sed, justo. Pellentesque viverra pede ac diam. Cras pellentesque volutpat dui.",20290922 11:47 PM,20290923 11:47 PM
235,24,35,ante ipsum primis in faucibus,Aliquam quis turpis eget elit sodales scelerisque. Mauris sit amet eros. Suspendisse accumsan tortor quis turpis.,20280801 02:16 AM,20280802 02:16 AM
236,24,36,accumsan tellus nisi eu orci,"Fusce posuere felis sed lacus. Morbi sem mauris, laoreet ut, rhoncus aliquet, pulvinar sed, nisl. Nunc rhoncus dui vel sem.",20281017 08:48 PM,20281018 08:48 PM
237,24,37,in faucibus orci luctus,Aliquam quis turpis eget elit sodales scelerisque. Mauris sit amet eros. Suspendisse accumsan tortor quis turpis.,20280818 06:10 AM,20280819 06:10 AM
238,24,38,nec nisi vulputate,Integer tincidunt ante vel ipsum. Praesent blandit lacinia erat. Vestibulum sed magna at nunc commodo placerat.,20281009 12:53 PM,20281010 12:53 PM
239,24,39,sed accumsan felis ut at,Duis aliquam convallis nunc. Proin at turpis a pede posuere nonummy. Integer non velit.,20291006 06:50 AM,20291007 06:50 AM
240,24,40,tristique fusce congue,"Proin eu mi. Nulla ac enim. In tempor, turpis nec euismod scelerisque, quam turpis adipiscing lorem, vitae mattis nibh ligula nec sem.",20260210 09:32 AM,20260211 09:32 AM
241,25,41,amet eleifend pede,"Vestibulum quam sapien, varius ut, blandit non, interdum in, ante. Vestibulum ante ipsum primis in faucibus orci luctus et ultrices posuere cubilia Curae; Duis faucibus accumsan odio. Curabitur convallis.",20260811 09:07 AM,20260812 09:07 AM
242,25,42,id ornare imperdiet,Nullam sit amet turpis elementum ligula vehicula consequat. Morbi a ipsum. Integer a nibh.,20260704 04:31 PM,20260705 04:31 PM
243,25,43,sed vel enim,"In hac habitasse platea dictumst. Morbi vestibulum, velit id pretium iaculis, diam erat fermentum justo, nec condimentum neque sapien placerat ante. Nulla justo.",20270103 01:06 PM,20270104 01:06 PM
244,25,44,in felis donec,In quis justo. Maecenas rhoncus aliquam lacus. Morbi quis tortor id nulla ultrices aliquet.,20260828 08:51 AM,20260829 08:51 AM
245,25,45,lorem ipsum dolor sit amet,"Duis bibendum, felis sed interdum venenatis, turpis enim blandit mi, in porttitor pede justo eu massa. Donec dapibus. Duis at velit eu est congue elementum.",20280303 04:47 AM,20280304 04:47 AM
246,25,46,venenatis lacinia aenean sit amet,Aenean lectus. Pellentesque eget nunc. Donec quis orci eget orci vehicula condimentum.,20270329 02:24 PM,20270330 02:24 PM
247,25,47,volutpat convallis morbi odio,In hac habitasse platea dictumst. Etiam faucibus cursus urna. Ut tellus.,20261029 04:46 AM,20261030 04:46 AM
248,25,48,ut blandit non,"Morbi porttitor lorem id ligula. Suspendisse ornare consequat lectus. In est risus, auctor sed, tristique in, tempus sit amet, sem.",20260604 09:39 PM,20260605 09:39 PM
249,25,49,amet nunc viverra,Phasellus sit amet erat. Nulla tempus. Vivamus in felis eu sapien cursus vestibulum.,20270627 10:29 PM,20270628 10:29 PM
250,25,50,ut mauris eget massa tempor,"Praesent blandit. Nam nulla. Integer pede justo, lacinia eget, tincidunt eget, tempus vel, pede.",20280218 11:25 AM,20280219 11:25 AM
251,26,51,potenti in eleifend quam a,Duis consequat dui nec nisi volutpat eleifend. Donec ut dolor. Morbi vel lectus in quam fringilla rhoncus.,20260930 05:45 AM,20261001 05:45 AM
252,26,52,vivamus metus arcu,Duis bibendum. Morbi non quam nec dui luctus rutrum. Nulla tellus.,20271208 03:35 AM,20271209 03:35 AM
253,26,53,in eleifend quam,"Praesent blandit. Nam nulla. Integer pede justo, lacinia eget, tincidunt eget, tempus vel, pede.",20260517 03:00 AM,20260518 03:00 AM
254,26,54,nec condimentum neque sapien,"Curabitur at ipsum ac tellus semper interdum. Mauris ullamcorper purus sit amet nulla. Quisque arcu libero, rutrum ac, lobortis vel, dapibus at, diam.",20300106 08:23 PM,20300107 08:23 PM
255,26,55,amet nulla quisque,Integer ac leo. Pellentesque ultrices mattis odio. Donec vitae nisi.,20280628 09:13 PM,20280629 09:13 PM
256,26,56,consequat morbi a,Aenean lectus. Pellentesque eget nunc. Donec quis orci eget orci vehicula condimentum.,20251030 08:36 AM,20251031 08:36 AM
257,26,57,velit id pretium iaculis,Nullam sit amet turpis elementum ligula vehicula consequat. Morbi a ipsum. Integer a nibh.,20270602 12:28 PM,20270603 12:28 PM
258,26,58,congue risus semper porta,"Morbi porttitor lorem id ligula. Suspendisse ornare consequat lectus. In est risus, auctor sed, tristique in, tempus sit amet, sem.",20261005 04:26 PM,20261006 04:26 PM
259,26,59,ut suscipit a feugiat et,"Curabitur in libero ut massa volutpat convallis. Morbi odio odio, elementum eu, interdum eu, tincidunt in, leo. Maecenas pulvinar lobortis est.",20280115 03:14 PM,20280116 03:14 PM
260,26,60,in purus eu,"Quisque id justo sit amet sapien dignissim vestibulum. Vestibulum ante ipsum primis in faucibus orci luctus et ultrices posuere cubilia Curae; Nulla dapibus dolor vel est. Donec odio justo, sollicitudin ut, suscipit a, feugiat et, eros.",20280518 07:41 PM,20280519 07:41 PM
261,27,61,volutpat quam pede,"Vestibulum ac est lacinia nisi venenatis tristique. Fusce congue, diam id ornare imperdiet, sapien urna pretium nisl, ut volutpat sapien arcu sed augue. Aliquam erat volutpat.",20291224 03:23 AM,20291225 03:23 AM
262,27,62,at nunc commodo placerat,Duis consequat dui nec nisi volutpat eleifend. Donec ut dolor. Morbi vel lectus in quam fringilla rhoncus.,20290919 07:46 AM,20290920 07:46 AM
263,27,63,quam sapien varius ut,"Curabitur at ipsum ac tellus semper interdum. Mauris ullamcorper purus sit amet nulla. Quisque arcu libero, rutrum ac, lobortis vel, dapibus at, diam.",20280301 05:27 AM,20280302 05:27 AM
264,27,64,integer ac leo pellentesque ultrices,Fusce consequat. Nulla nisl. Nunc nisl.,20250709 09:27 PM,20250710 09:27 PM
265,27,65,sollicitudin mi sit amet lobortis,"Lorem ipsum dolor sit amet, consectetuer adipiscing elit. Proin risus. Praesent lectus.",20271017 06:24 AM,20271018 06:24 AM
266,27,66,massa volutpat convallis morbi odio,Nullam porttitor lacus at turpis. Donec posuere metus vitae ipsum. Aliquam non mauris.,20280108 08:30 PM,20280109 08:30 PM
267,27,67,mauris vulputate elementum,"Cras mi pede, malesuada in, imperdiet et, commodo vulputate, justo. In blandit ultrices enim. Lorem ipsum dolor sit amet, consectetuer adipiscing elit.",20290115 05:26 PM,20290116 05:26 PM
268,27,68,mattis odio donec vitae nisi,"In sagittis dui vel nisl. Duis ac nibh. Fusce lacus purus, aliquet at, feugiat non, pretium quis, lectus.",20270921 02:36 AM,20270922 02:36 AM
269,27,69,nam ultrices libero,"Maecenas tristique, est et tempus semper, est quam pharetra magna, ac consequat metus sapien ut nunc. Vestibulum ante ipsum primis in faucibus orci luctus et ultrices posuere cubilia Curae; Mauris viverra diam vitae quam. Suspendisse potenti.",20290626 10:13 AM,20290627 10:13 AM
270,27,70,est donec odio,"Sed sagittis. Nam congue, risus semper porta volutpat, quam pede lobortis ligula, sit amet eleifend pede libero quis orci. Nullam molestie nibh in lectus.",20281208 05:32 AM,20281209 05:32 AM
271,28,71,dapibus duis at,"Cras mi pede, malesuada in, imperdiet et, commodo vulputate, justo. In blandit ultrices enim. Lorem ipsum dolor sit amet, consectetuer adipiscing elit.",20260529 01:41 PM,20260530 01:41 PM
272,28,72,sit amet sapien dignissim vestibulum,Praesent id massa id nisl venenatis lacinia. Aenean sit amet justo. Morbi ut odio.,20290421 02:18 AM,20290422 02:18 AM
273,28,73,suspendisse accumsan tortor quis,"Mauris enim leo, rhoncus sed, vestibulum sit amet, cursus id, turpis. Integer aliquet, massa id lobortis convallis, tortor risus dapibus augue, vel accumsan tellus nisi eu orci. Mauris lacinia sapien quis libero.",20300217 07:29 PM,20300218 07:29 PM
274,28,74,in felis donec semper,Nullam sit amet turpis elementum ligula vehicula consequat. Morbi a ipsum. Integer a nibh.,20280412 01:57 PM,20280413 01:57 PM
275,28,75,sit amet consectetuer adipiscing,Praesent id massa id nisl venenatis lacinia. Aenean sit amet justo. Morbi ut odio.,20281119 10:36 PM,20281120 10:36 PM
276,28,76,justo in hac habitasse platea,Praesent id massa id nisl venenatis lacinia. Aenean sit amet justo. Morbi ut odio.,20290912 04:51 AM,20290913 04:51 AM
277,28,77,luctus et ultrices posuere cubilia,Pellentesque at nulla. Suspendisse potenti. Cras in purus eu magna vulputate luctus.,20280805 07:42 AM,20280806 07:42 AM
278,28,78,nam congue risus semper porta,"Proin eu mi. Nulla ac enim. In tempor, turpis nec euismod scelerisque, quam turpis adipiscing lorem, vitae mattis nibh ligula nec sem.",20280620 12:03 PM,20280621 12:03 PM
279,28,79,pede morbi porttitor lorem,"Aenean fermentum. Donec ut mauris eget massa tempor convallis. Nulla neque libero, convallis eget, eleifend luctus, ultricies eu, nibh.",20250808 08:50 PM,20250809 08:50 PM
280,28,80,augue aliquam erat volutpat in,Etiam vel augue. Vestibulum rutrum rutrum neque. Aenean auctor gravida sem.,20280216 08:57 PM,20280217 08:57 PM
281,29,81,donec vitae nisi nam ultrices,"Donec diam neque, vestibulum eget, vulputate ut, ultrices vel, augue. Vestibulum ante ipsum primis in faucibus orci luctus et ultrices posuere cubilia Curae; Donec pharetra, magna vestibulum aliquet ultrices, erat tortor sollicitudin mi, sit amet lobortis sapien sapien non mi. Integer ac neque.",20281026 06:40 PM,20281027 06:40 PM
282,29,82,sed vel enim sit amet,"Praesent blandit. Nam nulla. Integer pede justo, lacinia eget, tincidunt eget, tempus vel, pede.",20260226 11:43 AM,20260227 11:43 AM
283,29,83,libero convallis eget eleifend,"Vestibulum quam sapien, varius ut, blandit non, interdum in, ante. Vestibulum ante ipsum primis in faucibus orci luctus et ultrices posuere cubilia Curae; Duis faucibus accumsan odio. Curabitur convallis.",20280109 11:11 AM,20280110 11:11 AM
284,29,84,elementum in hac habitasse platea,"Curabitur gravida nisi at nibh. In hac habitasse platea dictumst. Aliquam augue quam, sollicitudin vitae, consectetuer eget, rutrum at, lorem.",20300305 06:53 PM,20300306 06:53 PM
285,29,85,scelerisque quam turpis adipiscing,Fusce consequat. Nulla nisl. Nunc nisl.,20270208 10:40 AM,20270209 10:40 AM
286,29,86,nulla pede ullamcorper,"Cras mi pede, malesuada in, imperdiet et, commodo vulputate, justo. In blandit ultrices enim. Lorem ipsum dolor sit amet, consectetuer adipiscing elit.",20260307 03:07 PM,20260308 03:07 PM
287,29,87,sit amet consectetuer adipiscing,Praesent id massa id nisl venenatis lacinia. Aenean sit amet justo. Morbi ut odio.,20280509 07:32 PM,20280510 07:32 PM
288,29,88,blandit ultrices enim,Phasellus sit amet erat. Nulla tempus. Vivamus in felis eu sapien cursus vestibulum.,20281128 03:57 PM,20281129 03:57 PM
289,29,89,hac habitasse platea dictumst,Aenean lectus. Pellentesque eget nunc. Donec quis orci eget orci vehicula condimentum.,20281201 11:25 AM,20281202 11:25 AM
290,29,90,sed tristique in tempus sit,Cras non velit nec nisi vulputate nonummy. Maecenas tincidunt lacus at velit. Vivamus vel nulla eget eros elementum pellentesque.,20280324 06:56 PM,20280325 06:56 PM
291,30,91,convallis morbi odio odio elementum,Nulla ut erat id mauris vulputate elementum. Nullam varius. Nulla facilisi.,20291231 11:23 PM,20300101 11:23 PM
292,30,92,adipiscing lorem vitae,"Maecenas tristique, est et tempus semper, est quam pharetra magna, ac consequat metus sapien ut nunc. Vestibulum ante ipsum primis in faucibus orci luctus et ultrices posuere cubilia Curae; Mauris viverra diam vitae quam. Suspendisse potenti.",20270714 07:55 AM,20270715 07:55 AM
293,30,93,nulla ut erat id mauris,Phasellus sit amet erat. Nulla tempus. Vivamus in felis eu sapien cursus vestibulum.,20261013 03:10 AM,20261014 03:10 AM
294,30,94,dapibus nulla suscipit ligula,"Duis bibendum, felis sed interdum venenatis, turpis enim blandit mi, in porttitor pede justo eu massa. Donec dapibus. Duis at velit eu est congue elementum.",20280809 06:10 AM,20280810 06:10 AM
295,30,95,quis turpis eget elit,Integer tincidunt ante vel ipsum. Praesent blandit lacinia erat. Vestibulum sed magna at nunc commodo placerat.,20250423 04:36 AM,20250424 04:36 AM
296,30,96,a nibh in quis justo,Cras non velit nec nisi vulputate nonummy. Maecenas tincidunt lacus at velit. Vivamus vel nulla eget eros elementum pellentesque.,20260506 12:31 PM,20260507 12:31 PM
297,30,97,magna vulputate luctus,Praesent id massa id nisl venenatis lacinia. Aenean sit amet justo. Morbi ut odio.,20280407 06:35 AM,20280408 06:35 AM
298,30,98,congue etiam justo,Aliquam quis turpis eget elit sodales scelerisque. Mauris sit amet eros. Suspendisse accumsan tortor quis turpis.,20270311 09:57 PM,20270312 09:57 PM
299,30,99,phasellus sit amet erat,Maecenas ut massa quis augue luctus tincidunt. Nulla mollis molestie lorem. Quisque ut erat.,20260623 06:14 AM,20260624 06:14 AM
300,30,100,et ultrices posuere cubilia,Fusce consequat. Nulla nisl. Nunc nisl.,20271218 02:44 PM,20271219 02:44 PM
301,31,101,sem sed sagittis nam,"Vestibulum quam sapien, varius ut, blandit non, interdum in, ante. Vestibulum ante ipsum primis in faucibus orci luctus et ultrices posuere cubilia Curae; Duis faucibus accumsan odio. Curabitur convallis.",20271205 08:14 PM,20271206 08:14 PM
302,31,102,mus etiam vel augue,"Proin eu mi. Nulla ac enim. In tempor, turpis nec euismod scelerisque, quam turpis adipiscing lorem, vitae mattis nibh ligula nec sem.",20260719 04:31 AM,20260720 04:31 AM
303,31,103,nulla dapibus dolor,Duis bibendum. Morbi non quam nec dui luctus rutrum. Nulla tellus.,20270910 11:48 AM,20270911 11:48 AM
304,31,104,iaculis congue vivamus metus arcu,"Quisque porta volutpat erat. Quisque erat eros, viverra eget, congue eget, semper rutrum, nulla. Nunc purus.",20251012 12:40 PM,20251013 12:40 PM
305,31,105,fusce congue diam id ornare,Nulla ut erat id mauris vulputate elementum. Nullam varius. Nulla facilisi.,20260818 12:17 PM,20260819 12:17 PM
306,31,106,ultrices phasellus id,Sed ante. Vivamus tortor. Duis mattis egestas metus.,20271226 01:40 PM,20271227 01:40 PM
307,31,107,morbi sem mauris,"Nam ultrices, libero non mattis pulvinar, nulla pede ullamcorper augue, a suscipit nulla elit ac nulla. Sed vel enim sit amet nunc viverra dapibus. Nulla suscipit ligula in lacus.",20260718 03:27 AM,20260719 03:27 AM
308,31,108,morbi vel lectus in quam,Suspendisse potenti. In eleifend quam a odio. In hac habitasse platea dictumst.,20250723 03:21 AM,20250724 03:21 AM
309,31,109,pede malesuada in,"Duis bibendum, felis sed interdum venenatis, turpis enim blandit mi, in porttitor pede justo eu massa. Donec dapibus. Duis at velit eu est congue elementum.",20250724 03:51 PM,20250725 03:51 PM
310,31,110,interdum venenatis turpis enim blandit,"In sagittis dui vel nisl. Duis ac nibh. Fusce lacus purus, aliquet at, feugiat non, pretium quis, lectus.",20270823 10:26 AM,20270824 10:26 AM
311,32,111,platea dictumst morbi vestibulum,"Maecenas tristique, est et tempus semper, est quam pharetra magna, ac consequat metus sapien ut nunc. Vestibulum ante ipsum primis in faucibus orci luctus et ultrices posuere cubilia Curae; Mauris viverra diam vitae quam. Suspendisse potenti.",20291116 11:38 PM,20291117 11:38 PM
312,32,112,pede posuere nonummy integer non,Duis consequat dui nec nisi volutpat eleifend. Donec ut dolor. Morbi vel lectus in quam fringilla rhoncus.,20270620 10:16 AM,20270621 10:16 AM
313,32,113,arcu libero rutrum,"Proin eu mi. Nulla ac enim. In tempor, turpis nec euismod scelerisque, quam turpis adipiscing lorem, vitae mattis nibh ligula nec sem.",20270831 07:20 PM,20270901 07:20 PM
314,32,114,massa id nisl venenatis,"Proin interdum mauris non ligula pellentesque ultrices. Phasellus id sapien in sapien iaculis congue. Vivamus metus arcu, adipiscing molestie, hendrerit at, vulputate vitae, nisl.",20281231 01:57 PM,20290101 01:57 PM
315,32,115,odio porttitor id consequat in,Praesent id massa id nisl venenatis lacinia. Aenean sit amet justo. Morbi ut odio.,20271018 07:28 AM,20271019 07:28 AM
316,32,116,sit amet eleifend pede,Maecenas ut massa quis augue luctus tincidunt. Nulla mollis molestie lorem. Quisque ut erat.,20290311 04:17 AM,20290312 04:17 AM
317,32,117,leo pellentesque ultrices mattis odio,"Praesent blandit. Nam nulla. Integer pede justo, lacinia eget, tincidunt eget, tempus vel, pede.",20251213 10:15 AM,20251214 10:15 AM
318,32,118,ligula pellentesque ultrices phasellus,"Curabitur at ipsum ac tellus semper interdum. Mauris ullamcorper purus sit amet nulla. Quisque arcu libero, rutrum ac, lobortis vel, dapibus at, diam.",20290324 09:43 PM,20290325 09:43 PM
319,32,119,egestas metus aenean fermentum donec,"Vestibulum quam sapien, varius ut, blandit non, interdum in, ante. Vestibulum ante ipsum primis in faucibus orci luctus et ultrices posuere cubilia Curae; Duis faucibus accumsan odio. Curabitur convallis.",20270606 04:03 AM,20270607 04:03 AM
320,32,120,habitasse platea dictumst etiam faucibus,"Nam ultrices, libero non mattis pulvinar, nulla pede ullamcorper augue, a suscipit nulla elit ac nulla. Sed vel enim sit amet nunc viverra dapibus. Nulla suscipit ligula in lacus.",20260418 06:44 AM,20260419 06:44 AM
321,33,121,posuere cubilia curae mauris,"Quisque id justo sit amet sapien dignissim vestibulum. Vestibulum ante ipsum primis in faucibus orci luctus et ultrices posuere cubilia Curae; Nulla dapibus dolor vel est. Donec odio justo, sollicitudin ut, suscipit a, feugiat et, eros.",20251003 08:02 AM,20251004 08:02 AM
322,33,122,a pede posuere,Nullam sit amet turpis elementum ligula vehicula consequat. Morbi a ipsum. Integer a nibh.,20261216 12:12 AM,20261217 12:12 AM
323,33,123,metus sapien ut,Praesent id massa id nisl venenatis lacinia. Aenean sit amet justo. Morbi ut odio.,20261109 08:42 AM,20261110 08:42 AM
324,33,124,blandit ultrices enim,Duis aliquam convallis nunc. Proin at turpis a pede posuere nonummy. Integer non velit.,20280805 03:47 PM,20280806 03:47 PM
325,33,125,est quam pharetra magna ac,"Cum sociis natoque penatibus et magnis dis parturient montes, nascetur ridiculus mus. Vivamus vestibulum sagittis sapien. Cum sociis natoque penatibus et magnis dis parturient montes, nascetur ridiculus mus.",20260324 12:23 PM,20260325 12:23 PM
326,33,126,potenti nullam porttitor,Pellentesque at nulla. Suspendisse potenti. Cras in purus eu magna vulputate luctus.,20251125 09:44 PM,20251126 09:44 PM
327,33,127,ac tellus semper interdum mauris,Nullam porttitor lacus at turpis. Donec posuere metus vitae ipsum. Aliquam non mauris.,20280401 09:03 PM,20280402 09:03 PM
328,33,128,eu est congue elementum,Maecenas ut massa quis augue luctus tincidunt. Nulla mollis molestie lorem. Quisque ut erat.,20261205 09:51 PM,20261206 09:51 PM
329,33,129,congue eget semper rutrum,"Donec diam neque, vestibulum eget, vulputate ut, ultrices vel, augue. Vestibulum ante ipsum primis in faucibus orci luctus et ultrices posuere cubilia Curae; Donec pharetra, magna vestibulum aliquet ultrices, erat tortor sollicitudin mi, sit amet lobortis sapien sapien non mi. Integer ac neque.",20291005 03:16 AM,20291006 03:16 AM
330,33,130,hac habitasse platea,"Mauris enim leo, rhoncus sed, vestibulum sit amet, cursus id, turpis. Integer aliquet, massa id lobortis convallis, tortor risus dapibus augue, vel accumsan tellus nisi eu orci. Mauris lacinia sapien quis libero.",20260517 08:43 AM,20260518 08:43 AM
331,34,131,est et tempus semper est,In hac habitasse platea dictumst. Etiam faucibus cursus urna. Ut tellus.,20250914 12:13 AM,20250915 12:13 AM
332,34,132,orci vehicula condimentum,"Proin eu mi. Nulla ac enim. In tempor, turpis nec euismod scelerisque, quam turpis adipiscing lorem, vitae mattis nibh ligula nec sem.",20281010 04:12 AM,20281011 04:12 AM
333,34,133,sed accumsan felis,"Nam ultrices, libero non mattis pulvinar, nulla pede ullamcorper augue, a suscipit nulla elit ac nulla. Sed vel enim sit amet nunc viverra dapibus. Nulla suscipit ligula in lacus.",20270202 10:13 PM,20270203 10:13 PM
334,34,134,tortor duis mattis,Phasellus sit amet erat. Nulla tempus. Vivamus in felis eu sapien cursus vestibulum.,20280415 12:52 AM,20280416 12:52 AM
335,34,135,hac habitasse platea dictumst maecenas,"Curabitur at ipsum ac tellus semper interdum. Mauris ullamcorper purus sit amet nulla. Quisque arcu libero, rutrum ac, lobortis vel, dapibus at, diam.",20260708 12:53 PM,20260709 12:53 PM
336,34,136,vitae consectetuer eget rutrum,"Maecenas leo odio, condimentum id, luctus nec, molestie sed, justo. Pellentesque viverra pede ac diam. Cras pellentesque volutpat dui.",20260221 06:37 PM,20260222 06:37 PM
337,34,137,mauris eget massa tempor,Phasellus sit amet erat. Nulla tempus. Vivamus in felis eu sapien cursus vestibulum.,20260322 08:29 PM,20260323 08:29 PM
338,34,138,sed vel enim sit,"Morbi non lectus. Aliquam sit amet diam in magna bibendum imperdiet. Nullam orci pede, venenatis non, sodales sed, tincidunt eu, felis.",20251018 04:49 AM,20251019 04:49 AM
339,34,139,vestibulum ante ipsum primis in,"Proin eu mi. Nulla ac enim. In tempor, turpis nec euismod scelerisque, quam turpis adipiscing lorem, vitae mattis nibh ligula nec sem.",20280712 07:51 AM,20280713 07:51 AM
340,34,140,platea dictumst morbi vestibulum velit,"Cras mi pede, malesuada in, imperdiet et, commodo vulputate, justo. In blandit ultrices enim. Lorem ipsum dolor sit amet, consectetuer adipiscing elit.",20290123 05:31 AM,20290124 05:31 AM
341,35,141,venenatis turpis enim,"Morbi porttitor lorem id ligula. Suspendisse ornare consequat lectus. In est risus, auctor sed, tristique in, tempus sit amet, sem.",20290913 02:04 AM,20290914 02:04 AM
342,35,142,vulputate luctus cum sociis,"Vestibulum ac est lacinia nisi venenatis tristique. Fusce congue, diam id ornare imperdiet, sapien urna pretium nisl, ut volutpat sapien arcu sed augue. Aliquam erat volutpat.",20281015 02:40 AM,20281016 02:40 AM
343,35,143,pede venenatis non,Integer ac leo. Pellentesque ultrices mattis odio. Donec vitae nisi.,20270411 12:36 AM,20270412 12:36 AM
344,35,144,eu mi nulla ac enim,Pellentesque at nulla. Suspendisse potenti. Cras in purus eu magna vulputate luctus.,20281207 04:15 AM,20281208 04:15 AM
345,35,145,dolor morbi vel lectus,Phasellus in felis. Donec semper sapien a libero. Nam dui.,20260630 10:03 PM,20260701 10:03 PM
346,35,146,mauris lacinia sapien,"Vestibulum quam sapien, varius ut, blandit non, interdum in, ante. Vestibulum ante ipsum primis in faucibus orci luctus et ultrices posuere cubilia Curae; Duis faucibus accumsan odio. Curabitur convallis.",20260609 10:42 PM,20260610 10:42 PM
347,35,147,sapien ut nunc,"Quisque id justo sit amet sapien dignissim vestibulum. Vestibulum ante ipsum primis in faucibus orci luctus et ultrices posuere cubilia Curae; Nulla dapibus dolor vel est. Donec odio justo, sollicitudin ut, suscipit a, feugiat et, eros.",20290206 03:45 PM,20290207 03:45 PM
348,35,148,nunc vestibulum ante,Integer tincidunt ante vel ipsum. Praesent blandit lacinia erat. Vestibulum sed magna at nunc commodo placerat.,20280901 06:17 AM,20280902 06:17 AM
349,35,149,nulla suspendisse potenti,"Morbi porttitor lorem id ligula. Suspendisse ornare consequat lectus. In est risus, auctor sed, tristique in, tempus sit amet, sem.",20290427 02:28 AM,20290428 02:28 AM
350,35,150,enim lorem ipsum dolor sit,Aenean lectus. Pellentesque eget nunc. Donec quis orci eget orci vehicula condimentum.,20281004 11:24 PM,20281005 11:24 PM
351,36,151,convallis tortor risus dapibus augue,Fusce consequat. Nulla nisl. Nunc nisl.,20280306 09:51 PM,20280307 09:51 PM
352,36,152,justo in blandit,Aenean lectus. Pellentesque eget nunc. Donec quis orci eget orci vehicula condimentum.,20251021 02:18 PM,20251022 02:18 PM
353,36,153,nisl venenatis lacinia aenean,Suspendisse potenti. In eleifend quam a odio. In hac habitasse platea dictumst.,20251011 09:25 PM,20251012 09:25 PM
354,36,154,ut suscipit a,"Lorem ipsum dolor sit amet, consectetuer adipiscing elit. Proin risus. Praesent lectus.",20290408 01:27 AM,20290409 01:27 AM
355,36,155,felis donec semper sapien a,"Curabitur gravida nisi at nibh. In hac habitasse platea dictumst. Aliquam augue quam, sollicitudin vitae, consectetuer eget, rutrum at, lorem.",20280919 05:24 PM,20280920 05:24 PM
356,36,156,at nulla suspendisse potenti cras,"Lorem ipsum dolor sit amet, consectetuer adipiscing elit. Proin risus. Praesent lectus.",20261219 11:21 PM,20261220 11:21 PM
357,36,157,nonummy maecenas tincidunt,Integer tincidunt ante vel ipsum. Praesent blandit lacinia erat. Vestibulum sed magna at nunc commodo placerat.,20250727 01:33 AM,20250728 01:33 AM
358,36,158,suspendisse potenti nullam,"Lorem ipsum dolor sit amet, consectetuer adipiscing elit. Proin risus. Praesent lectus.",20290322 05:22 PM,20290323 05:22 PM
359,36,159,mauris vulputate elementum,"Praesent blandit. Nam nulla. Integer pede justo, lacinia eget, tincidunt eget, tempus vel, pede.",20261113 01:54 AM,20261114 01:54 AM
360,36,160,duis at velit,"Nam ultrices, libero non mattis pulvinar, nulla pede ullamcorper augue, a suscipit nulla elit ac nulla. Sed vel enim sit amet nunc viverra dapibus. Nulla suscipit ligula in lacus.",20260529 08:12 PM,20260530 08:12 PM
361,37,161,turpis adipiscing lorem vitae mattis,Praesent id massa id nisl venenatis lacinia. Aenean sit amet justo. Morbi ut odio.,20260827 01:06 PM,20260828 01:06 PM
362,37,162,lacinia nisi venenatis tristique fusce,"Cras mi pede, malesuada in, imperdiet et, commodo vulputate, justo. In blandit ultrices enim. Lorem ipsum dolor sit amet, consectetuer adipiscing elit.",20270629 03:22 PM,20270630 03:22 PM
363,37,163,lorem ipsum dolor sit,Fusce consequat. Nulla nisl. Nunc nisl.,20270330 12:58 AM,20270331 12:58 AM
364,37,164,sociis natoque penatibus et,"Lorem ipsum dolor sit amet, consectetuer adipiscing elit. Proin risus. Praesent lectus.",20281009 10:50 PM,20281010 10:50 PM
365,37,165,varius integer ac,"Sed sagittis. Nam congue, risus semper porta volutpat, quam pede lobortis ligula, sit amet eleifend pede libero quis orci. Nullam molestie nibh in lectus.",20291014 03:48 AM,20291015 03:48 AM
366,37,166,feugiat et eros,Integer tincidunt ante vel ipsum. Praesent blandit lacinia erat. Vestibulum sed magna at nunc commodo placerat.,20261202 11:41 AM,20261203 11:41 AM
367,37,167,rhoncus mauris enim,Maecenas ut massa quis augue luctus tincidunt. Nulla mollis molestie lorem. Quisque ut erat.,20250626 11:54 AM,20250627 11:54 AM
368,37,168,augue a suscipit,"Vestibulum quam sapien, varius ut, blandit non, interdum in, ante. Vestibulum ante ipsum primis in faucibus orci luctus et ultrices posuere cubilia Curae; Duis faucibus accumsan odio. Curabitur convallis.",20260804 06:51 PM,20260805 06:51 PM
369,37,169,quis lectus suspendisse potenti,"Morbi non lectus. Aliquam sit amet diam in magna bibendum imperdiet. Nullam orci pede, venenatis non, sodales sed, tincidunt eu, felis.",20280304 12:15 PM,20280305 12:15 PM
370,37,170,pede posuere nonummy integer,Integer ac leo. Pellentesque ultrices mattis odio. Donec vitae nisi.,20290327 04:38 PM,20290328 04:38 PM
371,38,171,id massa id nisl,Pellentesque at nulla. Suspendisse potenti. Cras in purus eu magna vulputate luctus.,20260508 01:50 AM,20260509 01:50 AM
372,38,172,porttitor id consequat in,Aliquam quis turpis eget elit sodales scelerisque. Mauris sit amet eros. Suspendisse accumsan tortor quis turpis.,20250807 10:37 AM,20250808 10:37 AM
373,38,173,nibh in lectus pellentesque,"Vestibulum ac est lacinia nisi venenatis tristique. Fusce congue, diam id ornare imperdiet, sapien urna pretium nisl, ut volutpat sapien arcu sed augue. Aliquam erat volutpat.",20291022 04:10 AM,20291023 04:10 AM
374,38,174,vivamus vestibulum sagittis sapien,"Cras mi pede, malesuada in, imperdiet et, commodo vulputate, justo. In blandit ultrices enim. Lorem ipsum dolor sit amet, consectetuer adipiscing elit.",20270512 02:40 AM,20270513 02:40 AM
375,38,175,blandit mi in porttitor,"Curabitur at ipsum ac tellus semper interdum. Mauris ullamcorper purus sit amet nulla. Quisque arcu libero, rutrum ac, lobortis vel, dapibus at, diam.",20250923 10:28 AM,20250924 10:28 AM
376,38,176,primis in faucibus orci luctus,Integer ac leo. Pellentesque ultrices mattis odio. Donec vitae nisi.,20291016 12:41 AM,20291017 12:41 AM
377,38,177,quis turpis sed ante,"Mauris enim leo, rhoncus sed, vestibulum sit amet, cursus id, turpis. Integer aliquet, massa id lobortis convallis, tortor risus dapibus augue, vel accumsan tellus nisi eu orci. Mauris lacinia sapien quis libero.",20291030 06:57 AM,20291031 06:57 AM
378,38,178,amet nulla quisque,Phasellus sit amet erat. Nulla tempus. Vivamus in felis eu sapien cursus vestibulum.,20280328 12:56 AM,20280329 12:56 AM
379,38,179,nascetur ridiculus mus etiam vel,"Donec diam neque, vestibulum eget, vulputate ut, ultrices vel, augue. Vestibulum ante ipsum primis in faucibus orci luctus et ultrices posuere cubilia Curae; Donec pharetra, magna vestibulum aliquet ultrices, erat tortor sollicitudin mi, sit amet lobortis sapien sapien non mi. Integer ac neque.",20290115 07:24 AM,20290116 07:24 AM
380,38,180,metus arcu adipiscing,Integer ac leo. Pellentesque ultrices mattis odio. Donec vitae nisi.,20280909 10:36 PM,20280910 10:36 PM
381,39,181,nisl aenean lectus,Aenean lectus. Pellentesque eget nunc. Donec quis orci eget orci vehicula condimentum.,20250528 05:09 AM,20250529 05:09 AM
382,39,182,orci vehicula condimentum curabitur in,Aliquam quis turpis eget elit sodales scelerisque. Mauris sit amet eros. Suspendisse accumsan tortor quis turpis.,20260130 07:34 AM,20260131 07:34 AM
383,39,183,nulla integer pede,"Fusce posuere felis sed lacus. Morbi sem mauris, laoreet ut, rhoncus aliquet, pulvinar sed, nisl. Nunc rhoncus dui vel sem.",20290919 08:28 PM,20290920 08:28 PM
384,39,184,in lectus pellentesque,Integer ac leo. Pellentesque ultrices mattis odio. Donec vitae nisi.,20261118 04:12 AM,20261119 04:12 AM
385,39,185,a pede posuere,"Cras mi pede, malesuada in, imperdiet et, commodo vulputate, justo. In blandit ultrices enim. Lorem ipsum dolor sit amet, consectetuer adipiscing elit.",20290903 02:13 AM,20290904 02:13 AM
386,39,186,ante nulla justo,Aenean lectus. Pellentesque eget nunc. Donec quis orci eget orci vehicula condimentum.,20290207 09:45 AM,20290208 09:45 AM
387,39,187,nec sem duis aliquam,"Vestibulum ac est lacinia nisi venenatis tristique. Fusce congue, diam id ornare imperdiet, sapien urna pretium nisl, ut volutpat sapien arcu sed augue. Aliquam erat volutpat.",20290703 01:13 AM,20290704 01:13 AM
388,39,188,curae nulla dapibus dolor vel,Phasellus sit amet erat. Nulla tempus. Vivamus in felis eu sapien cursus vestibulum.,20271201 03:13 AM,20271202 03:13 AM
389,39,189,odio cras mi pede malesuada,"Maecenas tristique, est et tempus semper, est quam pharetra magna, ac consequat metus sapien ut nunc. Vestibulum ante ipsum primis in faucibus orci luctus et ultrices posuere cubilia Curae; Mauris viverra diam vitae quam. Suspendisse potenti.",20251217 09:14 PM,20251218 09:14 PM
390,39,190,proin eu mi,Nulla ut erat id mauris vulputate elementum. Nullam varius. Nulla facilisi.,20281101 04:53 AM,20281102 04:53 AM
391,40,191,nisl duis bibendum felis,Aliquam quis turpis eget elit sodales scelerisque. Mauris sit amet eros. Suspendisse accumsan tortor quis turpis.,20260807 01:12 PM,20260808 01:12 PM
392,40,192,duis bibendum felis sed,Sed ante. Vivamus tortor. Duis mattis egestas metus.,20260317 02:03 AM,20260318 02:03 AM
393,40,193,porttitor lorem id ligula,In hac habitasse platea dictumst. Etiam faucibus cursus urna. Ut tellus.,20250826 06:49 PM,20250827 06:49 PM
394,40,194,cubilia curae nulla dapibus dolor,"Vestibulum quam sapien, varius ut, blandit non, interdum in, ante. Vestibulum ante ipsum primis in faucibus orci luctus et ultrices posuere cubilia Curae; Duis faucibus accumsan odio. Curabitur convallis.",20260322 06:08 PM,20260323 06:08 PM
395,40,195,pellentesque ultrices phasellus id sapien,Fusce consequat. Nulla nisl. Nunc nisl.,20261205 07:20 AM,20261206 07:20 AM
396,40,196,malesuada in imperdiet et,Integer ac leo. Pellentesque ultrices mattis odio. Donec vitae nisi.,20250830 02:58 PM,20250831 02:58 PM
397,40,197,elementum pellentesque quisque porta volutpat,In congue. Etiam justo. Etiam pretium iaculis justo.,20270319 12:17 AM,20270320 12:17 AM
398,40,198,in leo maecenas pulvinar lobortis,Cras non velit nec nisi vulputate nonummy. Maecenas tincidunt lacus at velit. Vivamus vel nulla eget eros elementum pellentesque.,20270219 06:23 AM,20270220 06:23 AM
399,40,199,volutpat sapien arcu,"Duis bibendum, felis sed interdum venenatis, turpis enim blandit mi, in porttitor pede justo eu massa. Donec dapibus. Duis at velit eu est congue elementum.",20270601 11:42 PM,20270602 11:42 PM
400,40,200,ipsum primis in,"Proin leo odio, porttitor id, consequat in, consequat ut, nulla. Sed accumsan felis. Ut at dolor quis odio consequat varius.",20290701 05:30 PM,20290702 05:30 PM
401,41,1,rutrum nulla tellus in sagittis,"Duis bibendum, felis sed interdum venenatis, turpis enim blandit mi, in porttitor pede justo eu massa. Donec dapibus. Duis at velit eu est congue elementum.",20250809 08:18 AM,20250810 08:18 AM
402,41,2,ipsum primis in,"Proin leo odio, porttitor id, consequat in, consequat ut, nulla. Sed accumsan felis. Ut at dolor quis odio consequat varius.",20280525 12:30 AM,20280526 12:30 AM
403,41,3,vel nulla eget eros,"In sagittis dui vel nisl. Duis ac nibh. Fusce lacus purus, aliquet at, feugiat non, pretium quis, lectus.",20290205 04:41 AM,20290206 04:41 AM
404,41,4,erat vestibulum sed magna at,Sed ante. Vivamus tortor. Duis mattis egestas metus.,20260905 02:28 PM,20260906 02:28 PM
405,41,5,accumsan tellus nisi,"Praesent blandit. Nam nulla. Integer pede justo, lacinia eget, tincidunt eget, tempus vel, pede.",20260301 09:10 PM,20260302 09:10 PM
406,41,6,lacinia erat vestibulum sed,"Quisque id justo sit amet sapien dignissim vestibulum. Vestibulum ante ipsum primis in faucibus orci luctus et ultrices posuere cubilia Curae; Nulla dapibus dolor vel est. Donec odio justo, sollicitudin ut, suscipit a, feugiat et, eros.",20290305 07:40 AM,20290306 07:40 AM
407,41,7,sollicitudin mi sit amet lobortis,Pellentesque at nulla. Suspendisse potenti. Cras in purus eu magna vulputate luctus.,20261213 05:17 AM,20261214 05:17 AM
408,41,8,at turpis a pede posuere,Cras non velit nec nisi vulputate nonummy. Maecenas tincidunt lacus at velit. Vivamus vel nulla eget eros elementum pellentesque.,20290701 07:22 AM,20290702 07:22 AM
409,41,9,enim lorem ipsum dolor sit,"Curabitur in libero ut massa volutpat convallis. Morbi odio odio, elementum eu, interdum eu, tincidunt in, leo. Maecenas pulvinar lobortis est.",20250504 04:24 AM,20250505 04:24 AM
410,41,10,enim blandit mi,Pellentesque at nulla. Suspendisse potenti. Cras in purus eu magna vulputate luctus.,20280617 07:51 AM,20280618 07:51 AM
411,42,11,est et tempus semper est,"Lorem ipsum dolor sit amet, consectetuer adipiscing elit. Proin risus. Praesent lectus.",20280107 02:18 PM,20280108 02:18 PM
412,42,12,nisi at nibh in,"Nam ultrices, libero non mattis pulvinar, nulla pede ullamcorper augue, a suscipit nulla elit ac nulla. Sed vel enim sit amet nunc viverra dapibus. Nulla suscipit ligula in lacus.",20290603 03:19 PM,20290604 03:19 PM
413,42,13,rutrum nulla tellus in,"Proin leo odio, porttitor id, consequat in, consequat ut, nulla. Sed accumsan felis. Ut at dolor quis odio consequat varius.",20250314 05:27 AM,20250315 05:27 AM
414,42,14,libero nullam sit amet,"Morbi non lectus. Aliquam sit amet diam in magna bibendum imperdiet. Nullam orci pede, venenatis non, sodales sed, tincidunt eu, felis.",20251020 06:09 AM,20251021 06:09 AM
415,42,15,dictumst etiam faucibus cursus,Aenean lectus. Pellentesque eget nunc. Donec quis orci eget orci vehicula condimentum.,20250511 09:11 PM,20250512 09:11 PM
416,42,16,convallis nunc proin at turpis,"Vestibulum quam sapien, varius ut, blandit non, interdum in, ante. Vestibulum ante ipsum primis in faucibus orci luctus et ultrices posuere cubilia Curae; Duis faucibus accumsan odio. Curabitur convallis.",20280627 10:08 PM,20280628 10:08 PM
417,42,17,morbi vel lectus,Integer tincidunt ante vel ipsum. Praesent blandit lacinia erat. Vestibulum sed magna at nunc commodo placerat.,20270819 04:49 PM,20270820 04:49 PM
418,42,18,molestie lorem quisque ut,Nulla ut erat id mauris vulputate elementum. Nullam varius. Nulla facilisi.,20280611 08:14 PM,20280612 08:14 PM
419,42,19,pellentesque volutpat dui maecenas,Praesent id massa id nisl venenatis lacinia. Aenean sit amet justo. Morbi ut odio.,20270126 12:04 AM,20270127 12:04 AM
420,42,20,felis eu sapien cursus,Phasellus in felis. Donec semper sapien a libero. Nam dui.,20260816 11:17 AM,20260817 11:17 AM
421,43,21,lobortis ligula sit amet eleifend,"Maecenas tristique, est et tempus semper, est quam pharetra magna, ac consequat metus sapien ut nunc. Vestibulum ante ipsum primis in faucibus orci luctus et ultrices posuere cubilia Curae; Mauris viverra diam vitae quam. Suspendisse potenti.",20270416 04:42 AM,20270417 04:42 AM
422,43,22,integer a nibh in,"In sagittis dui vel nisl. Duis ac nibh. Fusce lacus purus, aliquet at, feugiat non, pretium quis, lectus.",20270524 04:21 AM,20270525 04:21 AM
423,43,23,proin risus praesent lectus vestibulum,Nullam sit amet turpis elementum ligula vehicula consequat. Morbi a ipsum. Integer a nibh.,20260602 07:16 AM,20260603 07:16 AM
424,43,24,libero ut massa,"Praesent blandit. Nam nulla. Integer pede justo, lacinia eget, tincidunt eget, tempus vel, pede.",20260731 10:53 AM,20260801 10:53 AM
425,43,25,lacinia eget tincidunt,"Curabitur at ipsum ac tellus semper interdum. Mauris ullamcorper purus sit amet nulla. Quisque arcu libero, rutrum ac, lobortis vel, dapibus at, diam.",20260115 01:00 AM,20260116 01:00 AM
426,43,26,curae mauris viverra diam,"Proin interdum mauris non ligula pellentesque ultrices. Phasellus id sapien in sapien iaculis congue. Vivamus metus arcu, adipiscing molestie, hendrerit at, vulputate vitae, nisl.",20250522 03:13 PM,20250523 03:13 PM
427,43,27,tellus semper interdum mauris ullamcorper,"Donec diam neque, vestibulum eget, vulputate ut, ultrices vel, augue. Vestibulum ante ipsum primis in faucibus orci luctus et ultrices posuere cubilia Curae; Donec pharetra, magna vestibulum aliquet ultrices, erat tortor sollicitudin mi, sit amet lobortis sapien sapien non mi. Integer ac neque.",20261211 10:08 PM,20261212 10:08 PM
428,43,28,nulla quisque arcu libero rutrum,"Curabitur gravida nisi at nibh. In hac habitasse platea dictumst. Aliquam augue quam, sollicitudin vitae, consectetuer eget, rutrum at, lorem.",20270312 09:55 PM,20270313 09:55 PM
429,43,29,dui luctus rutrum nulla,"Aenean fermentum. Donec ut mauris eget massa tempor convallis. Nulla neque libero, convallis eget, eleifend luctus, ultricies eu, nibh.",20270707 02:16 AM,20270708 02:16 AM
430,43,30,ultrices aliquet maecenas leo,Pellentesque at nulla. Suspendisse potenti. Cras in purus eu magna vulputate luctus.,20260219 09:39 PM,20260220 09:39 PM
431,44,31,vitae nisl aenean,"Morbi porttitor lorem id ligula. Suspendisse ornare consequat lectus. In est risus, auctor sed, tristique in, tempus sit amet, sem.",20270906 06:33 PM,20270907 06:33 PM
432,44,32,rutrum rutrum neque,"Aenean fermentum. Donec ut mauris eget massa tempor convallis. Nulla neque libero, convallis eget, eleifend luctus, ultricies eu, nibh.",20290519 09:58 PM,20290520 09:58 PM
433,44,33,penatibus et magnis,"Duis bibendum, felis sed interdum venenatis, turpis enim blandit mi, in porttitor pede justo eu massa. Donec dapibus. Duis at velit eu est congue elementum.",20270102 05:16 PM,20270103 05:16 PM
434,44,34,mi nulla ac,Cras non velit nec nisi vulputate nonummy. Maecenas tincidunt lacus at velit. Vivamus vel nulla eget eros elementum pellentesque.,20270718 06:58 PM,20270719 06:58 PM
435,44,35,velit nec nisi vulputate nonummy,Phasellus sit amet erat. Nulla tempus. Vivamus in felis eu sapien cursus vestibulum.,20270702 01:20 PM,20270703 01:20 PM
436,44,36,sit amet consectetuer adipiscing elit,"In sagittis dui vel nisl. Duis ac nibh. Fusce lacus purus, aliquet at, feugiat non, pretium quis, lectus.",20290708 09:18 PM,20290709 09:18 PM
437,44,37,eleifend donec ut,Aenean lectus. Pellentesque eget nunc. Donec quis orci eget orci vehicula condimentum.,20290404 01:56 PM,20290405 01:56 PM
438,44,38,id massa id nisl,"Praesent blandit. Nam nulla. Integer pede justo, lacinia eget, tincidunt eget, tempus vel, pede.",20280124 03:30 PM,20280125 03:30 PM
439,44,39,vel lectus in,Integer tincidunt ante vel ipsum. Praesent blandit lacinia erat. Vestibulum sed magna at nunc commodo placerat.,20270321 02:44 PM,20270322 02:44 PM
440,44,40,tortor quis turpis sed,Fusce consequat. Nulla nisl. Nunc nisl.,20290831 04:49 PM,20290901 04:49 PM
441,45,41,sagittis nam congue risus semper,"Curabitur gravida nisi at nibh. In hac habitasse platea dictumst. Aliquam augue quam, sollicitudin vitae, consectetuer eget, rutrum at, lorem.",20260601 05:27 PM,20260602 05:27 PM
442,45,42,duis at velit eu,Nulla ut erat id mauris vulputate elementum. Nullam varius. Nulla facilisi.,20250622 04:20 AM,20250623 04:20 AM
443,45,43,rutrum rutrum neque,"Proin eu mi. Nulla ac enim. In tempor, turpis nec euismod scelerisque, quam turpis adipiscing lorem, vitae mattis nibh ligula nec sem.",20270614 02:08 AM,20270615 02:08 AM
444,45,44,eget rutrum at,Duis bibendum. Morbi non quam nec dui luctus rutrum. Nulla tellus.,20260630 12:10 PM,20260701 12:10 PM
445,45,45,eleifend quam a,In congue. Etiam justo. Etiam pretium iaculis justo.,20291125 04:51 PM,20291126 04:51 PM
446,45,46,urna pretium nisl,Aliquam quis turpis eget elit sodales scelerisque. Mauris sit amet eros. Suspendisse accumsan tortor quis turpis.,20300221 09:50 AM,20300222 09:50 AM
447,45,47,elementum nullam varius nulla,Etiam vel augue. Vestibulum rutrum rutrum neque. Aenean auctor gravida sem.,20280515 09:39 PM,20280516 09:39 PM
448,45,48,diam id ornare imperdiet sapien,"Quisque porta volutpat erat. Quisque erat eros, viverra eget, congue eget, semper rutrum, nulla. Nunc purus.",20280515 01:22 AM,20280516 01:22 AM
449,45,49,sapien non mi,"In hac habitasse platea dictumst. Morbi vestibulum, velit id pretium iaculis, diam erat fermentum justo, nec condimentum neque sapien placerat ante. Nulla justo.",20260104 05:27 AM,20260105 05:27 AM
450,45,50,ut erat id mauris,In quis justo. Maecenas rhoncus aliquam lacus. Morbi quis tortor id nulla ultrices aliquet.,20251223 04:01 PM,20251224 04:01 PM
451,46,51,mauris morbi non lectus aliquam,Nulla ut erat id mauris vulputate elementum. Nullam varius. Nulla facilisi.,20250310 09:18 PM,20250311 09:18 PM
452,46,52,viverra diam vitae quam,Duis consequat dui nec nisi volutpat eleifend. Donec ut dolor. Morbi vel lectus in quam fringilla rhoncus.,20290616 07:27 AM,20290617 07:27 AM
453,46,53,nulla sed accumsan felis ut,Maecenas ut massa quis augue luctus tincidunt. Nulla mollis molestie lorem. Quisque ut erat.,20261115 04:39 PM,20261116 04:39 PM
454,46,54,tincidunt ante vel ipsum praesent,Phasellus sit amet erat. Nulla tempus. Vivamus in felis eu sapien cursus vestibulum.,20270507 03:18 PM,20270508 03:18 PM
455,46,55,posuere cubilia curae mauris,"Morbi porttitor lorem id ligula. Suspendisse ornare consequat lectus. In est risus, auctor sed, tristique in, tempus sit amet, sem.",20250405 03:41 AM,20250406 03:41 AM
456,46,56,donec ut mauris eget,Duis bibendum. Morbi non quam nec dui luctus rutrum. Nulla tellus.,20280609 12:23 PM,20280610 12:23 PM
457,46,57,nam tristique tortor eu,Nullam porttitor lacus at turpis. Donec posuere metus vitae ipsum. Aliquam non mauris.,20291024 12:28 AM,20291025 12:28 AM
458,46,58,vitae nisl aenean,"Morbi non lectus. Aliquam sit amet diam in magna bibendum imperdiet. Nullam orci pede, venenatis non, sodales sed, tincidunt eu, felis.",20280130 06:18 PM,20280131 06:18 PM
459,46,59,sed augue aliquam erat,Fusce consequat. Nulla nisl. Nunc nisl.,20251226 09:26 PM,20251227 09:26 PM
460,46,60,non mattis pulvinar,Phasellus sit amet erat. Nulla tempus. Vivamus in felis eu sapien cursus vestibulum.,20271012 05:56 AM,20271013 05:56 AM
461,47,61,integer pede justo lacinia,"Proin eu mi. Nulla ac enim. In tempor, turpis nec euismod scelerisque, quam turpis adipiscing lorem, vitae mattis nibh ligula nec sem.",20270813 08:35 PM,20270814 08:35 PM
462,47,62,justo aliquam quis turpis eget,Phasellus sit amet erat. Nulla tempus. Vivamus in felis eu sapien cursus vestibulum.,20261023 03:21 PM,20261024 03:21 PM
463,47,63,ut odio cras,"Proin leo odio, porttitor id, consequat in, consequat ut, nulla. Sed accumsan felis. Ut at dolor quis odio consequat varius.",20251114 05:45 AM,20251115 05:45 AM
464,47,64,quis odio consequat varius,"Curabitur at ipsum ac tellus semper interdum. Mauris ullamcorper purus sit amet nulla. Quisque arcu libero, rutrum ac, lobortis vel, dapibus at, diam.",20260704 05:07 AM,20260705 05:07 AM
465,47,65,tellus nulla ut erat,Phasellus in felis. Donec semper sapien a libero. Nam dui.,20250928 10:30 PM,20250929 10:30 PM
466,47,66,non mauris morbi non,"Quisque porta volutpat erat. Quisque erat eros, viverra eget, congue eget, semper rutrum, nulla. Nunc purus.",20261103 04:24 AM,20261104 04:24 AM
467,47,67,donec odio justo sollicitudin,"Proin interdum mauris non ligula pellentesque ultrices. Phasellus id sapien in sapien iaculis congue. Vivamus metus arcu, adipiscing molestie, hendrerit at, vulputate vitae, nisl.",20291218 11:37 AM,20291219 11:37 AM
468,47,68,nunc rhoncus dui,Nulla ut erat id mauris vulputate elementum. Nullam varius. Nulla facilisi.,20300123 08:34 AM,20300124 08:34 AM
469,47,69,nisl nunc nisl,Praesent id massa id nisl venenatis lacinia. Aenean sit amet justo. Morbi ut odio.,20270522 08:16 AM,20270523 08:16 AM
470,47,70,vestibulum ante ipsum primis,In quis justo. Maecenas rhoncus aliquam lacus. Morbi quis tortor id nulla ultrices aliquet.,20280817 04:03 PM,20280818 04:03 PM
471,48,71,eu mi nulla,"Vestibulum quam sapien, varius ut, blandit non, interdum in, ante. Vestibulum ante ipsum primis in faucibus orci luctus et ultrices posuere cubilia Curae; Duis faucibus accumsan odio. Curabitur convallis.",20290614 10:19 AM,20290615 10:19 AM
472,48,72,eu mi nulla,In congue. Etiam justo. Etiam pretium iaculis justo.,20270626 11:54 PM,20270627 11:54 PM
473,48,73,dictumst morbi vestibulum velit id,"Vestibulum quam sapien, varius ut, blandit non, interdum in, ante. Vestibulum ante ipsum primis in faucibus orci luctus et ultrices posuere cubilia Curae; Duis faucibus accumsan odio. Curabitur convallis.",20250503 12:12 AM,20250504 12:12 AM
474,48,74,suspendisse potenti nullam,"Morbi non lectus. Aliquam sit amet diam in magna bibendum imperdiet. Nullam orci pede, venenatis non, sodales sed, tincidunt eu, felis.",20281225 11:31 AM,20281226 11:31 AM
475,48,75,malesuada in imperdiet et commodo,Maecenas ut massa quis augue luctus tincidunt. Nulla mollis molestie lorem. Quisque ut erat.,20290129 11:28 PM,20290130 11:28 PM
476,48,76,in felis donec semper sapien,Cras non velit nec nisi vulputate nonummy. Maecenas tincidunt lacus at velit. Vivamus vel nulla eget eros elementum pellentesque.,20281020 10:08 PM,20281021 10:08 PM
477,48,77,erat id mauris,"Morbi porttitor lorem id ligula. Suspendisse ornare consequat lectus. In est risus, auctor sed, tristique in, tempus sit amet, sem.",20270726 10:17 PM,20270727 10:17 PM
478,48,78,velit eu est,"Maecenas leo odio, condimentum id, luctus nec, molestie sed, justo. Pellentesque viverra pede ac diam. Cras pellentesque volutpat dui.",20280725 04:11 AM,20280726 04:11 AM
479,48,79,curae nulla dapibus dolor,"Curabitur in libero ut massa volutpat convallis. Morbi odio odio, elementum eu, interdum eu, tincidunt in, leo. Maecenas pulvinar lobortis est.",20271005 03:07 AM,20271006 03:07 AM
480,48,80,dignissim vestibulum vestibulum,"Quisque porta volutpat erat. Quisque erat eros, viverra eget, congue eget, semper rutrum, nulla. Nunc purus.",20270720 06:54 AM,20270721 06:54 AM
481,49,81,nunc nisl duis,Duis consequat dui nec nisi volutpat eleifend. Donec ut dolor. Morbi vel lectus in quam fringilla rhoncus.,20290201 11:35 AM,20290202 11:35 AM
482,49,82,mollis molestie lorem,Nullam porttitor lacus at turpis. Donec posuere metus vitae ipsum. Aliquam non mauris.,20280925 01:17 PM,20280926 01:17 PM
483,49,83,velit donec diam neque,"Proin leo odio, porttitor id, consequat in, consequat ut, nulla. Sed accumsan felis. Ut at dolor quis odio consequat varius.",20250630 09:31 PM,20250701 09:31 PM
484,49,84,mauris vulputate elementum,In hac habitasse platea dictumst. Etiam faucibus cursus urna. Ut tellus.,20270501 11:55 PM,20270502 11:55 PM
485,49,85,dui proin leo,"Praesent blandit. Nam nulla. Integer pede justo, lacinia eget, tincidunt eget, tempus vel, pede.",20290918 08:22 AM,20290919 08:22 AM
486,49,86,rutrum at lorem integer tincidunt,Pellentesque at nulla. Suspendisse potenti. Cras in purus eu magna vulputate luctus.,20270712 03:56 PM,20270713 03:56 PM
487,49,87,nisl venenatis lacinia,"Maecenas tristique, est et tempus semper, est quam pharetra magna, ac consequat metus sapien ut nunc. Vestibulum ante ipsum primis in faucibus orci luctus et ultrices posuere cubilia Curae; Mauris viverra diam vitae quam. Suspendisse potenti.",20260122 12:17 PM,20260123 12:17 PM
488,49,88,odio cras mi pede malesuada,"In hac habitasse platea dictumst. Morbi vestibulum, velit id pretium iaculis, diam erat fermentum justo, nec condimentum neque sapien placerat ante. Nulla justo.",20250419 03:59 AM,20250420 03:59 AM
489,49,89,ut mauris eget,Integer tincidunt ante vel ipsum. Praesent blandit lacinia erat. Vestibulum sed magna at nunc commodo placerat.,20290319 07:27 AM,20290320 07:27 AM
490,49,90,et magnis dis parturient,In congue. Etiam justo. Etiam pretium iaculis justo.,20260528 09:15 PM,20260529 09:15 PM
491,50,91,felis eu sapien cursus,Pellentesque at nulla. Suspendisse potenti. Cras in purus eu magna vulputate luctus.,20251115 07:05 AM,20251116 07:05 AM
492,50,92,donec dapibus duis at velit,"Curabitur gravida nisi at nibh. In hac habitasse platea dictumst. Aliquam augue quam, sollicitudin vitae, consectetuer eget, rutrum at, lorem.",20250603 04:00 AM,20250604 04:00 AM
493,50,93,massa id lobortis convallis,"Proin leo odio, porttitor id, consequat in, consequat ut, nulla. Sed accumsan felis. Ut at dolor quis odio consequat varius.",20270205 03:50 AM,20270206 03:50 AM
494,50,94,nulla facilisi cras non,"Proin interdum mauris non ligula pellentesque ultrices. Phasellus id sapien in sapien iaculis congue. Vivamus metus arcu, adipiscing molestie, hendrerit at, vulputate vitae, nisl.",20270222 05:20 PM,20270223 05:20 PM
495,50,95,faucibus orci luctus et ultrices,Phasellus in felis. Donec semper sapien a libero. Nam dui.,20281017 08:42 AM,20281018 08:42 AM
496,50,96,justo maecenas rhoncus aliquam,"Proin interdum mauris non ligula pellentesque ultrices. Phasellus id sapien in sapien iaculis congue. Vivamus metus arcu, adipiscing molestie, hendrerit at, vulputate vitae, nisl.",20300104 08:10 AM,20300105 08:10 AM
497,50,97,id ligula suspendisse ornare consequat,Duis aliquam convallis nunc. Proin at turpis a pede posuere nonummy. Integer non velit.,20270816 10:00 PM,20270817 10:00 PM
498,50,98,sodales scelerisque mauris sit amet,"Curabitur in libero ut massa volutpat convallis. Morbi odio odio, elementum eu, interdum eu, tincidunt in, leo. Maecenas pulvinar lobortis est.",20260112 01:56 PM,20260113 01:56 PM
499,50,99,quam fringilla rhoncus mauris enim,"Maecenas leo odio, condimentum id, luctus nec, molestie sed, justo. Pellentesque viverra pede ac diam. Cras pellentesque volutpat dui.",20280607 11:12 PM,20280608 11:12 PM
500,50,100,magnis dis parturient,Integer ac leo. Pellentesque ultrices mattis odio. Donec vitae nisi.,20280816 08:32 PM,20280817 08:32 PM
